Name,Country,QS Global World Ranking,Status,Research Output,Total Students,Academic Faculty Staff,International Students,Overall Score,Academic Reputation,Employer Reputation,Faculty Student,Citations per Faculty,International Faculty,Number of International Students,Number of International Faculty
Massachusetts Institute of Technology (MIT),United States,#1,Private,Very High,"11,342","3,011", 91.9, 100, 100, 100, 100, 99.1, 100,"3,745",1681
Stanford University,United States,#2,Private,Very High,"16,260","4,478", 63.6, 98.4, 100, 100, 100, 98.1, 99.7,"3,665",2166
Harvard University,United States,#3,Private,Very High,"23,583","4,556", 69.9, 97.9, 100, 100, 98.6, 99.1, 85.2,"5,816",1466
California Institute of Technology (Caltech),United States,#4,Private,Very High,"2,237","1,059", 88.2, 97, 97, 82.8, 100, 99.9, 100,692,563
University of Oxford,United Kingdom,#5,Public,Very High,"20,786","6,650", 98.3, 96.7, 100, 100, 100, 81.3, 99.4,"8,259",3137
ETH Zurich - Swiss Federal Institute of Technology,Switzerland,#6,Public,Very High,"18,563","2,619", 97.9, 95, 98.7, 96.6, 80.8, 96.4, 100,"7,247",1968
University of Cambridge,United Kingdom,#7,Public,Very High,"19,876","5,834", 97.4, 94.3, 100, 100, 100, 69.2, 100,"7,595",3019
Imperial College London,United Kingdom,#8,Public,Very High,"17,628","3,955", 100, 93.6, 98.5, 99.8, 99.9, 68.6, 100,"10,218",2170
University of Chicago,United States,#9,Private,Very High,"15,335","2,592", 82.6, 93.1, 99.4, 91.3, 94.4, 86.3, 67.1,"4,381",651
UCL,United Kingdom,#10,Public,Very High,"35,897","6,849", 100, 92.9, 99.4, 98.3, 98.4, 65.4, 99.3,"20,251",3204
National University of Singapore (NUS),Singapore,#11,Public,Very High,"29,080","4,611", 71.4, 91.5, 99.7, 98.4, 90.7, 72.9, 100,"7,273",3123
Princeton University,United States,#12,Private,Very High,"8,247","1,040", 65.6, 91, 99.9, 99, 68.6, 100, 71.6,"1,933",91
"Nanyang Technological University, Singapore (NTU)",Singapore,#13,Public,Very High,"23,951","3,846", 67.6, 89.9, 89.8, 89.8, 91.5, 89, 100,"5,738",2664
EPFL,Switzerland,#14,Public,Very High,"9,668","1,709", 100, 89.6, 80.4, 80, 96.3, 98.5, 100,"5,870",1342
Tsinghua University,China Mainland,#15,Public,Very High,"37,294","6,167", 29.7, 89.2, 98.2, 98.6, 93.3, 83.2, 55.3,"5,420",1312
University of Pennsylvania,United States,#16,Private,Very High,"21,454","5,120", 65.3, 88.6, 96.1, 91.5, 100, 63.8, 88.7,"5,011",1770
Yale University,United States,#17,Private,Very High,"13,482","5,326", 54.5, 88, 99.9, 100, 100, 52.8, 85.3,"2,788",1825
Cornell University,United States,#18,Private,Very High,"23,449","2,835", 70, 87.6, 98.5, 90.9, 63.7, 88.6, 93.7,"5,771",1070
Columbia University,United States,#19,Private,Very High,"27,740","7,011", 96.3, 86.5, 99.7, 97.3, 100, 48.5, 37.2,"10,190",1135
The University of Edinburgh,United Kingdom,#20,Public,Very High,"31,395","4,535", 99, 85.8, 98, 95.4, 83.1, 50.2, 98.2,"13,056",1976
University of Michigan-Ann Arbor,United States,#21,Public,Very High,"46,329","7,216", 41.3, 84.6, 98.9, 92.7, 89.4, 58, 74.8,"8,105",2003
The University of Hong Kong,Hong Kong S.A.R.,#22,Public,Very High,"20,113","2,927", 98.9, 83.7, 98.1, 76.3, 83.8, 48, 100,"8,301",2025
Peking University,China Mainland,#23,Public,Very High,"38,854","5,252", 34.3, 83.5, 99.2, 99.1, 76.4, 64.9, 69.7,"6,120",1363
The University of Tokyo,Japan,#24,Public,Very High,"27,559","4,479", 26.1, 83.2, 100, 99.6, 92.3, 62.5, 10.7,"3,725",295
Johns Hopkins University,United States,#=25,Private,Very High,"15,130","4,768", 87.7, 82.7, 86.7, 47, 100, 75.9, 66.3,"4,832",1185
University of Toronto,Canada,#=25,Public,Very High,"76,065","9,568", 94.1, 82.7, 99.3, 96.8, 70.3, 45.8, 97.9,"25,845",4113
The Hong Kong University of Science and Technology,Hong Kong S.A.R.,#=27,Public,Very High,"9,447","1,172", 88.9, 82.1, 85.2, 63.6, 66.7, 92.1, 100,"2,959",872
The University of Manchester,United Kingdom,#=27,Public,Very High,"37,089","4,850", 98.8, 82.1, 95.3, 97.4, 72.7, 48.4, 92.9,"15,209",1797
Northwestern University,United States,#29,Private,Very High,"19,123","4,717", 45.3, 81.5, 85.1, 74.4, 99.7, 72.3, 57.9,"3,530",1271
"University of California, Berkeley (UCB)",United States,#30,Public,Very High,"40,443","3,089", 39.7, 80.8, 100, 99.9, 21.3, 96.9, 94.9,"6,914",1205
The Australian National University,Australia,#=31,Public,Very High,"18,394","1,795", 99.6, 80, 95.6, 77.6, 40.1, 77.8, 100,"8,240",1040
King's College London,United Kingdom,#=31,Public,Very High,"28,458","4,111", 99.9, 80, 88.9, 81.1, 83.1, 46.4, 98.4,"13,779",1818
McGill University,Canada,#=31,Public,Very High,"29,774","3,718", 96.3, 80, 92.3, 94.1, 67.5, 51.8, 90.5,"10,915",1311
Fudan University,China Mainland,#34,Public,Very High,"28,454","4,526", 46.3, 79.9, 84.7, 92.5, 90.9, 55.7, 93.1,"5,322",1683
New York University (NYU),United States,#35,Private,Very High,"44,993","8,028", 93, 79.4, 95.8, 96.5, 96.7, 25.8, 37.3,"15,189",1303
"University of California, Los Angeles (UCLA)",United States,#36,Public,Very High,"44,128","4,390", 32.6, 79.2, 100, 99.7, 42, 81.9, 47.3,"6,751",841
Seoul National University,South Korea,#37,Public,Very High,"28,197","4,305", 11.6, 79, 97.9, 95.9, 87.9, 53.7, 18.6,"2,370",432
Kyoto University,Japan,#38,Public,Very High,"22,687","3,878", 19.8, 78.9, 98.6, 96.9, 95, 42.6, 16,"2,628",349
KAIST - Korea Advanced Institute of Science & Technology,South Korea,#39,Public,Very High,"9,849","1,257", 9.7, 78.6, 86.8, 82.2, 70, 97.4, 24.7,738,154
The University of Sydney,Australia,#40,Public,Very High,"47,675","3,648", 100, 77.1, 97.4, 95.3, 21.4, 69.6, 100,"27,688",2109
The University of Melbourne,Australia,#41,Public,Very High,"48,078","3,506", 100, 76.5, 99.1, 97.3, 18.8, 65.4, 97.4,"23,848",1479
Duke University,United States,#42,Private,Very High,"15,919","5,457", 58, 76.4, 88.2, 85.3, 100, 44.7, 5.9,"3,428",0
The Chinese University of Hong Kong (CUHK),Hong Kong S.A.R.,#43,Public,Very High,"18,499","2,152", 91.5, 75.8, 90.3, 53.1, 59.2, 62.6, 100,"6,062",1107
The University of New South Wales (UNSW Sydney),Australia,#44,Public,Very High,"45,222","3,156", 99.2, 75.4, 91.1, 94.9, 16.7, 78.4, 100,"19,577",1766
University of British Columbia,Canada,#45,Public,Very High,"56,552","6,301", 78.8, 74.8, 97.1, 89.6, 53.1, 37.4, 89.5,"15,417",2179
The University of Queensland,Australia,#46,Public,Very High,"42,198","3,361", 99.9, 74.5, 89, 78.2, 23.8, 79.6, 100,"22,242",2029
Shanghai Jiao Tong University,China Mainland,#47,Public,Very High,"37,811","4,446", 30.2, 74.4, 82.5, 90.9, 60.4, 75.4, 64,"6,158",738
City University of Hong Kong,Hong Kong S.A.R.,#48,Public,Very High,"9,587","1,483", 99, 74.3, 61.5, 32.8, 88.9, 91.2, 100,"4,799",1177
The London School of Economics and Political Science (LSE),United Kingdom,#49,Public,Very High,"10,972","1,187", 100, 73.9, 75.8, 99.6, 41.9, 74, 100,"7,937",760
Technical University of Munich,Germany,#50,Public,Very High,"40,665","6,360", 84.7, 73.6, 83.8, 98.5, 89.7, 22.4, 63.4,"12,673",1522
Carnegie Mellon University,United States,#51,Private,Very High,"13,412","1,513", 99.4, 73.4, 73.3, 72.4, 51, 89.8, 65.3,"5,577",277
Zhejiang University,China Mainland,#53,Public,Very High,"32,769","6,117", 74.2, 71.9, 69.3, 91.1, 90, 40, 98.1,"9,177",2845
"University of California, San Diego (UCSD)",United States,#54,Public,Very High,"37,020","4,385", 64.3, 71.2, 91.9, 50.4, 61.3, 52.7, 59.9,"8,552",1003
Monash University,Australia,#55,Public,Very High,"58,823","3,855", 100, 70.9, 90, 88.7, 14.1, 64.2, 100,"33,604",2195
Tokyo Institute of Technology (Tokyo Tech),Japan,#56,Public,Very High,"9,835","1,426", 28, 70.8, 73.3, 90.4, 83.4, 62.6, 27.6,"1,384",188
Delft University of Technology,Netherlands,#57,Public,Very High,"18,896","1,915", 85.6, 70.7, 70.7, 87.9, 43.9, 75.8, 99.8,"5,625",932
University of Bristol,United Kingdom,#58,Public,Very High,"24,268","3,120", 80.6, 70.6, 75.5, 82.9, 70.8, 44.8, 91.5,"6,759",1122
Universiti Malaya (UM),Malaysia,#59,Public,Very High,"17,390","2,485", 44.5, 70.1, 74.1, 84.6, 82.1, 47.7, 68.7,"3,179",637
Brown University,United States,#60,Private,Very High,"9,806","1,401", 53.4, 70, 60.2, 58.1, 82, 82.3, 82.9,"2,002",435
Ecole Polytechnique,France,#=61,Public,Very High,"2,850",633, 99, 69.9, 41.8, 98.7, 99.8, 65.8, 95.8,"1,248",253
University of Amsterdam,Netherlands,#=61,Public,Very High,"18,234","2,790", 61.6, 69.9, 82.3, 55.6, 35.4, 83.3, 84.5,"5,943",890
The University of Warwick,United Kingdom,#62,Public,Very High,"23,436","2,464", 99.2, 69, 74.3, 92, 47.8, 51.4, 98.1,"9,977",1072
Ludwig-Maximilians-Universität München,Germany,#63,Public,Very High,"35,858","3,818", 36.2, 68.9, 92.9, 80.7, 49.1, 43.9, 57.6,"5,816",846
Ruprecht-Karls-Universität Heidelberg,Germany,#64,Public,Very High,"19,530","4,122", 49.5, 68.6, 80.6, 41.8, 99.1, 34.2, 52.3,"3,803",849
University of Wisconsin-Madison,United States,#65,Public,Very High,"39,781","5,010", 27.6, 68.2, 85.6, 49.5, 72.7, 54.9, 34.7,"5,547",497
National Taiwan University (NTU),Taiwan,#=66,Public,Very High,"29,915","2,876", 38.7, 67.5, 91.8, 87.5, 38.7, 54.8, 19.1,"5,058",294
Korea University,South Korea,#=69,Private,Very High,"25,450","3,750", 53.3, 67.1, 75.2, 91.7, 84.9, 35.4, 15,"5,188",322
University of Zurich,Switzerland,#=69,Public,Very High,"21,986","3,559", 59.8, 67.1, 59.7, 60.6, 98, 45.9, 100,"4,829",1935
University of Texas at Austin,United States,#71,Public,Very High,"49,345","3,081", 16.2, 66.7, 94, 83.4, 12.4, 84, 6.5,"5,089",132
Osaka University,Japan,#=72,Public,Very High,"22,510","3,116", 14, 66.1, 80.1, 79.6, 78.9, 41.3, 20.3,"2,123",333
University of Washington,United States,#=72,Public,Very High,"43,156","2,796", 39.5, 66.1, 85.9, 49, 13.7, 98.8, 39.7,"7,362",427
Lomonosov Moscow State University,Russia,#74,Public,Very High,"30,152","6,575", 76.8, 65.9, 77.3, 82.8, 99.8, 7.4, 20.1,"10,239",698
The Hong Kong Polytechnic University,Hong Kong S.A.R.,#75,Public,Very High,"19,994","2,745", 80.2, 65.8, 66.3, 40.8, 78, 51, 100,"5,543",1511
University of Copenhagen,Denmark,#76,Public,Very High,"30,326","7,293", 26.5, 65.5, 72.8, 38.7, 100, 31.2, 91.8,"4,135",2637
Pohang University of Science And Technology (POSTECH),South Korea,#=77,Private,Very High,"3,087",705, 3, 64.6, 43, 54.6, 99.9, 98.7, 33.8,85,107
University of Glasgow,United Kingdom,#=77,Public,Very High,"27,436","3,225", 97.1, 64.6, 73, 66.8, 60.4, 33.5, 93.8,"10,351",1220
Tohoku University,Japan,#79,Public,Very High,"17,718","3,324", 16.9, 64.3, 69.3, 72.4, 98.1, 39.6, 11.8,"1,872",237
Georgia Institute of Technology,United States,#80,Public,Very High,"24,422","1,267", 64.8, 64.1, 68.8, 76.4, 9.2, 99.9, 71,"5,675",366
University of Illinois at Urbana-Champaign,United States,#82,Public,Very High,"44,860","2,653", 60.4, 63.4, 87.4, 52.1, 10.8, 83.7, 18.8,"9,926",268
KU Leuven,Belgium,#84,Public,Very High,"46,615","2,615", 36.1, 63, 83.4, 55.5, 9.4, 77.5, 90.7,"7,548",925
Yonsei University,South Korea,#85,Private,Very High,"24,777","3,660", 45.3, 62.5, 68.3, 87.7, 85.1, 31, 12.1,"5,046",266
Durham University,United Kingdom,#86,Public,Very High,"18,021","1,629", 88.7, 62.2, 58, 90.2, 33.1, 68.3, 97.9,"5,626",702
University of Birmingham,United Kingdom,#87,Public,Very High,"29,931","3,286", 87.9, 62, 64.4, 72.6, 52.5, 45.4, 93.4,"9,218",1232
Sungkyunkwan University(SKKU),South Korea,#88,Private,Very High,"22,482","3,313", 39.3, 61.5, 60.2, 75.6, 84.9, 47.7, 20.1,"3,821",351
Rice University,United States,#89,Private,Very High,"7,018",990, 92, 61.4, 39.6, 25.3, 80.8, 87.5, 88.8,"2,320",338
University of Southampton,United Kingdom,#90,Public,Very High,"21,784","2,705", 93.5, 61.3, 50.9, 52.9, 66.8, 61.7, 97.6,"7,429",1149
University of Leeds,United Kingdom,#91,Public,Very High,"32,738","3,385", 81.3, 61.2, 70.6, 78.1, 46, 36.7, 84.7,"9,207",1080
The University of Western Australia,Australia,#92,Public,Very High,"18,356","1,344", 99.6, 61, 61.1, 52.7, 19, 85.7, 100,"8,866",823
The University of Sheffield,United Kingdom,#=93,Public,Very High,"27,687","3,306", 96, 60.8, 61.4, 58.6, 62.2, 42.8, 85.3,"10,082",1065
University of Science and Technology of China,China Mainland,#=93,Public,Very High,"16,718","2,289", 6.1, 60.8, 53.9, 19.9, 77.7, 99.2, 24.1,896,293
"University of North Carolina, Chapel Hill",United States,#95,Public,Very High,"33,126","4,854", 10.5, 60.6, 68.1, 49.7, 84.4, 44.8, 32.6,"2,605",718
University of St Andrews,United Kingdom,#96,Public,Very High,"9,534","1,192", 99.8, 60.3, 46, 61.1, 67.6, 60.2, 98.4,"4,383",525
Lund University,Sweden,#97,Public,Very High,"27,443","3,040", 69, 60.2, 70, 50.9, 53.6, 39.9, 92.3,"6,682",1111
KTH Royal Institute of Technology,Sweden,#98,Public,Very High,"13,290","1,622", 57.4, 59.5, 46.2, 63.6, 64.8, 68, 98.3,"2,858",713
University of Nottingham,United Kingdom,#99,Public,Very High,"31,676","3,329", 83.5, 59, 60, 71.6, 47.7, 46.4, 90.8,"9,165",1181
Pennsylvania State University,United States,#=101,Public,Very High,"45,885","3,984", 36.9, 58.4, 74.9, 75.3, 29.9, 59.7, 15.9,"7,531",357
"Trinity College Dublin, The University of Dublin",Ireland,#=101,Public,Very High,"15,618","1,399", 93.7, 58.4, 66.6, 49.7, 32.4, 51.3, 99.6,"5,346",672
Technical University of Denmark,Denmark,#103,Public,Very High,"9,411","2,184", 78.6, 57.9, 31.3, 29.7, 99.9, 66, 99.9,"2,558",1078
University of Helsinki,Finland,#104,Public,Very High,"22,137","2,750", 5.7, 57.6, 65.3, 45.9, 67.5, 48.4, 61.4,"1,123",641
Washington University in St. Louis,United States,#105,Private,Very High,"14,301","3,117", 61.8, 56.9, 43.3, 15.5, 99.8, 53.3, 80,"3,212",928
University of Geneva,Switzerland,#=106,Public,Very High,"17,744","1,814", 97.4, 56.8, 50.9, 23.4, 48.5, 71.2, 100,"6,547",1083
The Ohio State University,United States,#108,Public,Very High,"55,085","6,323", 23.5, 56.4, 63.5, 63.2, 57.6, 37.8, 81.3,"7,029",1918
Purdue University,United States,#109,Public,Very High,"40,335","2,622", 51.4, 55.9, 63.6, 69.4, 19.2, 62.7, 83.9,"8,034",484
Boston University,United States,#=110,Private,Very High,"26,440","2,642", 88, 55.8, 62, 53.4, 42.4, 54.3, 30.9,"8,159",377
Nagoya University,Japan,#=110,Public,Very High,"15,750","2,473", 20.4, 55.8, 58.7, 52.3, 90, 35, 14.8,"1,855",210
"University of California, Davis",United States,#112,Public,Very High,"37,705","3,420", 68.4, 55.3, 68.7, 33.9, 28.7, 56.1, 75.1,"8,842",1032
University of Oslo,Norway,#113,Public,Very High,"17,598","2,515", 26.7, 55.2, 54.5, 15.7, 82.1, 46.8, 88.3,"2,411",851
University of Bern,Switzerland,#=114,Public,Very High,"9,493","1,221", 42.7, 54.9, 30.2, 38.7, 70.9, 86.7, 100,"1,692",681
Wageningen University & Research,Netherlands,#=115,Public,Very High,"14,361","2,581", 79.8, 54.8, 40, 22.2, 96.9, 53.1, 45.5,"3,960",481
Humboldt-Universität zu Berlin,Germany,#117,Public,High,"33,681","1,935", 31.1, 54.5, 89.8, 57.5, 10, 32.2, 50,"5,020",386
Université de Montréal,Canada,#118,Public,Very High,"39,891","5,292", 59.7, 54.3, 55.1, 53.6, 66.8, 29.1, 88.8,"8,351",1808
University of Alberta,Canada,#119,Public,Very High,"33,547","3,617", 79.9, 54, 54.6, 37.7, 50.5, 47.2, 91.2,"9,272",1292
Eindhoven University of Technology,Netherlands,#120,Public,Very High,"10,190","1,145", 44.9, 53.9, 30.4, 78.1, 55.2, 76.6, 99.7,"1,872",606
University of Southern California,United States,#=121,Private,Very High,"32,586","3,213", 84.3, 53.8, 58.1, 55.1, 34.1, 60.5, 32,"11,101",546
Utrecht University,Netherlands,#=121,Public,Very High,"33,748","3,254", 25, 53.8, 66, 34, 38.9, 58.3, 59.9,"4,454",744
Kyushu University,Japan,#=124,Public,Very High,"18,619","2,801", 20.4, 53.7, 54.6, 62.5, 86.7, 31.2, 14.4,"2,194",233
Nanjing University,China Mainland,#=124,Public,Very High,"34,058","2,883", 9.5, 53.7, 59.7, 23.4, 28, 87.6, 71.4,"2,513",765
Uppsala University,Sweden,#=124,Public,Very High,"26,521","2,659", 35.3, 53.7, 66.3, 27.7, 42.8, 52.5, 66.3,"4,246",661
Aalto University,Finland,#127,Public,Very High,"12,423","1,376", 35.4, 53.6, 43.4, 43, 53.6, 72.5, 93.2,"1,992",515
Leiden University,Netherlands,#=128,Public,Very High,"31,702","2,604", 48.1, 53.4, 69.2, 32.2, 25.8, 52.6, 82.2,"6,064",801
University of Groningen,Netherlands,#=128,Public,Very High,"30,461","3,648", 86.5, 53.4, 50.6, 28.1, 62.6, 43.2, 92,"8,731",1326
Freie Universitaet Berlin,Germany,#130,Public,High,"35,141","1,400", 46.6, 53.2, 80.9, 48.4, 4.2, 46.7, 63.6,"6,599",336
"KIT, Karlsruhe Institute of Technology",Germany,#131,Public,Very High,"23,938","2,010", 60.5, 52.9, 46.2, 85, 27.4, 70.3, 60.1,"5,301",460
Universiti Putra Malaysia (UPM),Malaysia,#132,Public,Very High,"16,415","2,214", 86.5, 52.7, 50.5, 52.8, 76.1, 22.3, 58.1,"4,952",494
University of Technology Sydney,Australia,#=133,Public,Very High,"24,103","1,314", 94.9, 52.6, 45.3, 78.8, 8.8, 74.4, 98.1,"8,489",570
Lancaster University,United Kingdom,#=135,Public,Very High,"13,598","1,401", 95.4, 52.5, 40.6, 31, 45.6, 71.3, 93.7,"4,863",529
Ghent University,Belgium,#=135,Public,Very High,"36,926","5,331", 19.1, 52.5, 53.7, 23.5, 83, 37.1, 68.4,"4,184",1361
Politecnico di Milano,Italy,#137,Public,Very High,"37,080","1,646", 49.6, 52.4, 67, 82.6, 5.3, 55.9, 46.4,"7,230",311
CentraleSupélec,France,#138,Public,Very High,"3,559",552, 86.1, 52.3, 15.6, 99.9, 89.1, 51.9, 65.6,"1,068",136
Chalmers University of Technology,Sweden,#=139,Private,Very High,"9,658","1,214", 60.3, 52.2, 28.3, 58.6, 68.2, 65.6, 98.8,"2,134",589
Hokkaido University,Japan,#=139,Public,Very High,"17,809","2,493", 16.2, 52.2, 54, 60, 80, 32.7, 17.9,"1,832",243
Universiti Kebangsaan Malaysia (UKM),Malaysia,#141,Public,Very High,"17,555","2,906", 40.8, 52, 53.8, 55.7, 93.3, 11.9, 31.2,"3,051",427
Universiti Sains Malaysia (USM),Malaysia,#142,Public,Very High,"17,295","2,333", 49.9, 51.9, 56, 60.5, 76.2, 17.6, 37.6,"3,385",381
King Abdulaziz University (KAU),Saudi Arabia,#143,Public,Very High,"32,044","4,056", 57, 51.7, 36.3, 52.4, 69, 50.2, 99,"6,821",1858
McMaster University,Canada,#144,Public,Very High,"25,008","3,551", 48.1, 51.5, 40.7, 47.6, 81.4, 32.4, 99.3,"4,783",1749
RWTH Aachen University,Germany,#145,Public,Very High,"45,884","1,964", 70.3, 51.4, 51.9, 95.8, 7.4, 68.1, 43.7,"11,327",356
Hanyang University,South Korea,#146,Private,Very High,"22,851","3,109", 31.9, 51.3, 46.5, 78.3, 77.1, 31.9, 23.1,"3,455",363
Aarhus University,Denmark,#147,Public,Very High,"28,072","2,522", 17, 51, 54.6, 40.9, 32.6, 65.6, 84.9,"2,979",807
Technische Universität Berlin (TU Berlin),Germany,#148,Public,Very High,"22,600","2,431", 74.4, 50.8, 54.1, 75, 50.3, 28.2, 38.2,"5,848",401
University of Basel,Switzerland,#149,Public,Very High,"9,441","1,041", 87.1, 50.6, 28.4, 28.5, 45.3, 88.3, 100,"2,875",675
University of Vienna,Austria,#=150,Public,Very High,"45,285","3,637", 90.3, 50.3, 69.2, 42.7, 24.3, 18.7, 98.1,"14,514",1584
University of York,United Kingdom,#=150,Public,Very High,"18,157","2,098", 69.9, 50.3, 42.6, 41.4, 58.4, 45.7, 89.5,"4,465",726
Newcastle University,United Kingdom,#=152,Public,Very High,"26,047","2,530", 81.2, 50.2, 43.7, 76.8, 39.6, 41.8, 87.6,"7,312",846
"University of California, Santa Barbara (UCSB)",United States,#=152,Public,Very High,"25,536","1,543", 29.4, 50.2, 60, 19.3, 11.4, 87.1, 55.3,"3,686",319
"University of Maryland, College Park",United States,#=152,Public,Very High,"37,339","4,002", 22.5, 50.2, 53.1, 31.5, 49.9, 65, 27.5,"4,644",527
University of Pittsburgh,United States,#156,Public,Very High,"26,546","4,741", 19.4, 49.7, 43.9, 19.6, 96.7, 45.6, 8.6,"3,032",260
Michigan State University,United States,#157,Public,Very High,"45,021","3,043", 26.9, 49.6, 61.5, 65.6, 15.4, 52.9, 62,"6,179",715
Emory University,United States,#158,Private,Very High,"13,421","2,533", 41.1, 49.1, 25.8, 14.5, 98.5, 63.9, 50.1,"2,342",506
Cardiff University,United Kingdom,#159,Public,Very High,"27,512","2,899", 77, 48.5, 47.4, 39.4, 48, 38.9, 81.7,"7,409",885
Alma Mater Studiorum - University of Bologna,Italy,#160,Public,Very High,"66,722","2,806", 11.9, 48.2, 79.6, 46.4, 4.7, 46.3, 12.1,"5,706",204
École Normale Supérieure de Lyon,France,#161,Public,Very High,"2,180",357, 18.9, 48.1, 33.3, 10.1, 94.6, 54.7, 53.7,237,75
Case Western Reserve University,United States,#=162,Private,Very High,"11,014","1,652", 74.5, 47.4, 19.7, 18.7, 86.5, 67.8, 55.3,"2,853",355
University of Florida,United States,#=162,Public,Very High,"46,102","6,168", 12.9, 47.4, 49.7, 51.9, 75.3, 26.8, 20.6,"4,143",664
The University of Exeter,United Kingdom,#164,Public,Very High,"23,495","2,352", 79.4, 47.2, 39.7, 60.3, 42.6, 40.2, 90.6,"6,449",831
University of Rochester,United States,#=165,Private,Very High,"10,018","2,334", 92.9, 46.9, 25.5, 11.3, 99.9, 37.4, 63.5,"3,375",559
Al-Farabi Kazakh National University,Kazakhstan,#165,Public,High,"22,021","4,156", 30.7, 46.9, 42, 63.1, 98.2, 1.4, 42,"3,262",732
University of Waterloo,Canada,#=166,Public,Very High,"33,545","1,826", 83.4, 46.8, 39.6, 77.5, 7.9, 67, 76.4,"9,693",517
National Tsing Hua University,Taiwan,#168,Public,Very High,"13,213","1,217", 18, 46.4, 49.5, 58.1, 34.8, 58.3, 19.4,"1,448",126
Texas A&M University,United States,#=169,Public,Very High,"63,237","3,066", 19.1, 46.2, 60.7, 59.9, 8.1, 59.2, 25.2,"2,445",380
University of Lausanne,Switzerland,#=169,Public,Very High,"12,979","1,478", 62, 46.2, 35.1, 21.5, 56.7, 51.7, 99.5,"2,922",704
Sapienza University of Rome,Italy,#171,Public,Very High,"74,483","3,237", 10.5, 46.1, 78.4, 33.8, 5.1, 46.3, 4.8,"5,860",103
Indian Institute of Technology Bombay (IITB),India,#172,Public,Very High,"10,401",974, 1.6, 46, 50.4, 74.2, 36.2, 53.1, 3.9,99,25
Technische Universität Dresden,Germany,#=173,Public,Very High,"31,795","4,608", 34.1, 45.9, 37.6, 61.1, 83.7, 21.5, 35.7,"4,967",726
University of Bath,United Kingdom,#=173,Public,Very High,"16,340","1,321", 90.4, 45.9, 36.1, 67.7, 24.8, 50, 98.1,"5,244",574
Eberhard Karls Universität Tübingen,Germany,#=175,Public,Very High,"27,348","4,265", 26, 45.8, 45.6, 22.6, 89.5, 17.8, 45.8,"3,692",1001
Albert-Ludwigs-Universitaet Freiburg,Germany,#=175,Public,Very High,"21,413","1,993", 43.9, 45.8, 52, 18.7, 35.7, 51.8, 62.4,"3,883",471
The Hebrew University of Jerusalem,Israel,#=177,Public,Very High,"16,160","2,257", 9.9, 45.7, 37.4, 29.5, 79.8, 39.2, 65.4,"1,230",554
University of Minnesota Twin Cities,United States,#=177,Public,Very High,"57,211","5,097", 15, 45.7, 64.3, 26.2, 31.9, 48.1, 7.1,"5,627",238
Stockholm University,Sweden,#=181,Public,Very High,"27,085","2,325", 41.5, 45.5, 55.1, 15.6, 29, 46.9, 87.5,"9,187",793
University of Liverpool,United Kingdom,#=181,Public,Very High,"25,307","2,682", 93.8, 45.5, 42.9, 31, 48.6, 30.9, 86.7,"8,695",884
Universitat de Barcelona,Spain,#183,Public,Very High,"45,494","3,183", 32.1, 45.4, 70.2, 38.1, 20.9, 35.5, 6.6,"6,903",138
University of Otago,New Zealand,#184,Public,Very High,"18,916","1,345", 59, 45.3, 53, 36.5, 17.6, 43.5, 100,"4,118",807
Indian Institute of Science,India,#185,Public,Very High,"4,038",434, 1.6, 44.9, 31.8, 18.3, 49.8, 100, 1.4,37,2
King Fahd University of Petroleum & Minerals,Saudi Arabia,#186,Public,Very High,"7,294","1,028", 18.1, 44.7, 27.7, 21.1, 80.7, 46.1, 100,801,748
Universiti Teknologi Malaysia,Malaysia,#=187,Public,Very High,"17,739","2,158", 63.9, 44.2, 39.4, 51.6, 64.4, 27.8, 27.6,"4,258",285
Vanderbilt University,United States,#=187,Private,Very High,"12,139","3,940", 31.5, 44.2, 26.9, 24.7, 100, 39.7, 23.5,"1,823",466
Université catholique de Louvain (UCLouvain),Belgium,#=189,Private,Very High,"24,613","1,269", 39.9, 44.1, 50.2, 37.2, 7.6, 60.9, 87.2,"4,220",422
Waseda University,Japan,#=189,Private,Very High,"44,078","3,864", 36.7, 44.1, 58.6, 93.6, 30.6, 7.6, 31,"7,209",553
Vienna University of Technology,Austria,#=191,Public,Very High,"10,345",737, 86, 44, 32.3, 52.7, 10.2, 77.5, 75.2,"3,099",206
Indian Institute of Technology Delhi (IITD),India,#193,Public,Very High,"8,058",778, 1.5, 43.9, 44.3, 64.5, 28.4, 67.8, 2.3,62,10
University of Bergen,Norway,#194,Public,Very High,"11,919","1,634", 8.8, 43.4, 33.6, 8.2, 77.9, 42.4, 87.3,832,544
University of Göttingen,Germany,#195,Public,Very High,"30,894","3,794", 25, 43.3, 49, 17.9, 65.5, 24.3, 49.9,"4,082",755
University of Wollongong,Australia,#196,Public,Very High,"19,103","1,404", 86, 43.2, 31.3, 34.5, 19.2, 71, 91.8,"5,721",508
Erasmus University Rotterdam,Netherlands,#=197,Public,Very High,"27,571","2,471", 59, 43.1, 34, 63.7, 32.4, 46.7, 82.2,"6,003",791
"The University of Newcastle, Australia (UON)",Australia,#=197,Public,Very High,"12,338","1,106", 44.6, 43.1, 33.5, 27.9, 32.4, 64.7, 99.9,"2,121",545
University of Twente,Netherlands,#=197,Public,Very High,"11,273","1,062", 86.5, 43.1, 20.8, 40.4, 36.8, 69.8, 96.1,"3,402",428
Universidad Autónoma de Madrid,Spain,#=200,Public,Very High,"28,741","2,869", 12, 42.8, 57.1, 55.4, 42.3, 23.3, 8.8,"2,470",161
Vrije Universiteit Brussel (VUB),Belgium,#=200,Public,Very High,"11,819","1,792", 62.1, 42.8, 24.7, 18.9, 87.3, 29.1, 88.2,"2,664",606
University of Gothenburg,Sweden,#202,Public,Very High,"19,782","2,850", 42.7, 42.7, 38.3, 15.7, 69.2, 31.4, 65.5,"5,438",946
Dartmouth College,United States,#=203,Private,Very High,"6,415",815, 32.7, 42.6, 19.4, 29.5, 69.5, 79.3, 5.5,984,30
Western University,Canada,#=203,Public,Very High,"30,420","1,548", 51, 42.6, 29.8, 63.7, 7.4, 76.1, 95.6,"6,033",583
University of Reading,United Kingdom,#205,Public,Very High,"15,949","1,362", 86.4, 42.3, 33.4, 34.3, 28.6, 53, 93.2,"4,806",508
Complutense University of Madrid,Spain,#206,Public,Very High,"60,471","4,778", 21.3, 41.9, 66.4, 63.5, 23.3, 14.2, 3.2,"7,295",95
University of Aberdeen,United Kingdom,#207,Public,Very High,"12,908","1,162", 99, 41.8, 28.7, 23.6, 32.8, 57.4, 94.8,"5,483",451
Chulalongkorn University,Thailand,#208,Public,High,"34,512","3,014", 2.6, 41.6, 67.1, 60.7, 29.1, 9, 14.6,770,253
Queen's University Belfast,United Kingdom,#209,Public,Very High,"18,694","1,939", 96.5, 41.5, 29, 33, 46.3, 36.6, 99.8,"6,915",944
"University of California, Irvine",United States,#210,Public,Very High,"36,175","2,110", 75.7, 41.4, 44.2, 14.4, 10.7, 68.7, 46.6,"10,118",423
Khalifa University of Science and Technology,United Arab Emirates,#=211,Public,Very High,"2,843",452, 48.1, 41.2, 11.9, 10.2, 86.4, 52.6, 100,544,392
University of Notre Dame,United States,#=211,Private,Very High,"12,368","1,554", 19.8, 41.2, 29.2, 47.5, 68.2, 42.3, 29.3,"1,431",204
Universitat Autònoma de Barcelona,Spain,#213,Public,Very High,"31,602","2,148", 23.1, 40.9, 59.9, 33.9, 15.2, 39.9, 22.2,"3,993",244
Macquarie University,Australia,#=214,Public,Very High,"23,665","1,823", 97.5, 40.8, 31.6, 49.6, 21.8, 44.5, 97.2,"9,207",762
Università di Padova,Italy,#216,Public,Very High,"45,407","2,717", 5.9, 40.6, 59.4, 35.6, 11.1, 49.9, 10.9,"2,360",182
Curtin University,Australia,#=217,Public,Very High,"24,442","1,710", 50.2, 40.5, 32.4, 43.4, 16.8, 60.6, 100,"4,802",976
Queensland University of Technology (QUT),Australia,#=217,Public,Very High,"36,343","1,981", 41.8, 40.5, 43.2, 45.6, 8.7, 48.5, 97.8,"6,404",849
University of Virginia,United States,#=217,Public,Very High,"23,039","2,731", 14.3, 40.5, 37.2, 42.4, 61.4, 38.5, 8.1,"2,201",143
American University of Beirut (AUB),Lebanon,#=220,Private,High,"8,809","1,029", 64.6, 40.4, 27.7, 64, 59.7, 16.5, 84.4,"2,041",327
Arizona State University,United States,#=220,Public,Very High,"47,318","2,827", 46.3, 40.4, 43.4, 33.4, 11.1, 57.6, 67.5,"8,856",713
University of Cape Town,South Africa,#=220,Public,Very High,"20,899","1,704", 35.8, 40.4, 45.1, 39.7, 25.3, 39.6, 67.1,"3,373",428
RMIT University,Australia,#=223,Public,Very High,"34,998","1,995", 94.3, 40, 37.6, 60.2, 9.8, 35, 100,"12,160",1179
Victoria University of Wellington,New Zealand,#=223,Public,Very High,"17,775","1,104", 54.3, 40, 48.4, 31.8, 12.3, 35.2, 99.6,"3,668",526
Saint Petersburg State University,Russia,#225,Public,Very High,"22,675","3,281", 36.8, 39.9, 41.2, 29.2, 83.3, 7.2, 5.9,"3,714",129
Loughborough University,United Kingdom,#226,Public,Very High,"16,801","1,448", 72.2, 39.7, 30.9, 66.1, 29.3, 34.1, 83.8,"4,241",456
Novosibirsk State University,Russia,#=228,Public,Very High,"7,189","1,221", 47.2, 39.4, 28.8, 21.3, 94.7, 18.9, 9,"1,360",70
Universität Hamburg,Germany,#=228,Public,Very High,"28,860","2,032", 22.9, 39.4, 48.7, 17.7, 26.1, 46.4, 45,"3,626",376
Georgetown University,United States,#=230,Private,Very High,"16,080","1,936", 47.2, 39.3, 33.5, 47.7, 63.2, 25.8, 15.1,"3,042",167
Tel Aviv University,Israel,#=230,Public,Very High,"22,064","1,047", 9.3, 39.3, 34.3, 29.9, 6.2, 94.9, 33.2,"1,607",157
University of Colorado Boulder,United States,#=230,Public,Very High,"32,516","2,798", 11, 39.3, 36.9, 17.6, 44.5, 59.7, 24.1,"2,641",317
Maastricht University ,Netherlands,#=234,Public,Very High,"18,119","1,352", 100, 38.9, 21.8, 30.5, 20, 65, 97.1,"9,765",563
National Cheng Kung University (NCKU),Taiwan,#=234,Public,Very High,"21,102","1,967", 23, 38.9, 41, 60.9, 35.8, 35, 17,"2,656",185
National University of Ireland Galway,Ireland,#=238,Public,High,"14,207","1,901", 58.8, 38.3, 24.2, 27.4, 75.3, 15.2, 91.8,"3,087",688
University of Antwerp,Belgium,#=238,Public,Very High,"16,098","2,088", 39.1, 38.3, 22.5, 13.2, 73.1, 36.4, 77.5,"2,730",604
National Chiao Tung University,Taiwan,#=240,Public,Very High,"11,733","1,152", 21.4, 38.2, 29.7, 64.9, 40.7, 44.5, 30,"1,420",161
Rheinische Friedrich-Wilhelms-Universität Bonn,Germany,#=240,Public,Very High,"37,564","3,779", 23.6, 38.2, 50.6, 13.8, 43.5, 21.3, 43.8,"4,777",686
Ecole des Ponts ParisTech,France,#=242,Public,Very High,"2,045",337, 99.6, 38.1, 8.8, 49.9, 93.1, 20.7, 31.8,912,49
Sciences Po,France,#=242,Public,Very High,"11,373","1,763", 99.2, 38.1, 21, 29.2, 89.1, 6, 52,"4,838",362
University of Leicester,United Kingdom,#=242,Public,Very High,"15,043","1,550", 85.4, 38.1, 24.8, 17.3, 45.6, 43.3, 82.7,"4,468",480
Qatar University,Qatar,#245,Public,Very High,"8,900","1,133", 95.4, 37.9, 19.3, 23.3, 69.7, 19.4, 100,"3,162",906
Queen's University at Kingston,Canada,#=246,Public,Very High,"23,886","1,224", 28.8, 37.8, 36.5, 68.8, 7.5, 48.2, 71,"3,410",323
University of Calgary,Canada,#=246,Public,Very High,"31,863","2,668", 57.1, 37.8, 33, 36.6, 27.2, 41.2, 82.9,"6,791",829
University of Sussex,United Kingdom,#=246,Public,High,"17,513","1,312", 95.1, 37.8, 28, 10.2, 20.2, 58.7, 96.4,"6,212",533
Wuhan University,China Mainland,#=246,Public,Very High,"53,957","3,775", 8.5, 37.8, 38.2, 53.7, 16.8, 53.4, 48.6,"3,682",737
Tomsk State University,Russia,#=250,Public,Very High,"7,756","1,744", 93.4, 37.7, 21.7, 15.1, 99.9, 6.1, 29.1,"2,759",239
Universite libre de Bruxelles,Belgium,#=250,Public,Very High,"23,170","1,093", 88.7, 37.7, 33, 50, 6.8, 45.8, 87.2,"6,955",462
Mahidol University,Thailand,#=252,Public,Very High,"29,165","3,710", 5.6, 37.5, 41.7, 44.4, 69.6, 7.8, 8.6,"1,466",205
University of Navarra,Spain,#=252,Private,Very High,"11,646","1,296", 68.5, 37.5, 28.8, 67.8, 51.3, 20.4, 25,"2,818",160
Gadjah Mada University,Indonesia,#=254,Public,High,"39,477","4,798", 2.2, 37.4, 44.9, 43.2, 59.9, 1.7, 48.7,695,939
Universiti Brunei Darussalam (UBD),Brunei,#=254,Public,Very High,"2,761",477, 63.9, 37.4, 18.3, 10.5, 95.4, 7.9, 100,635,262
Tongji University,China Mainland,#=256,Public,Very High,"35,986","2,803", 28.4, 37.2, 34.4, 8.5, 22.4, 60.6, 88,"5,095",944
University of Illinois at Chicago (UIC),United States,#=256,Public,Very High,"28,306","2,770", 21.1, 37.2, 44.7, 29.3, 40.4, 32.8, 10.3,"3,394",177
Rutgers University–New Brunswick,United States,#258,Public,Very High,"44,905","5,044", 42.3, 37, 38.9, 35.5, 55.1, 16.3, 24.6,"7,965",616
Charles University,Czech Republic,#=260,Public,Very High,"46,120","4,878", 46.9, 36.7, 43.4, 37.6, 48.4, 11.8, 19,"8,699",497
Harbin Institute of Technology,China Mainland,#=260,Public,Very High,"30,139","3,215", 8.7, 36.7, 22.4, 8.4, 49.3, 79.8, 9.6,"2,102",194
Tufts University,United States,#=260,Private,Very High,"10,903","1,453", 36, 36.7, 20.2, 7.8, 75.7, 45.3, 32.8,"1,750",216
Sun Yat-sen University,China Mainland,#263,Public,Very High,"54,831","6,424", 6.3, 36.4, 35.4, 33.7, 57.5, 31.9, 9.7,"3,006",390
Hong Kong Baptist University,Hong Kong S.A.R.,#264,Public,Very High,"8,435",816, 95.6, 36.3, 18.2, 12.7, 39.3, 49.9, 98.2,"3,350",312
Universität Innsbruck,Austria,#=265,Public,High,"13,378","1,651", 99.5, 36.2, 20.6, 13.8, 66.1, 15.8, 99.3,"5,848",770
University of Tsukuba,Japan,#=265,Public,Very High,"16,378","2,070", 27.3, 36.2, 34.6, 17.6, 68.9, 22.5, 15.5,"2,270",182
National Taiwan University of Science and Technology (Taiwan Tech),Taiwan,#=267,Public,Very High,"8,631",998, 40.8, 36, 24.8, 28, 58.5, 40.7, 23.2,"1,500",117
Technical University of Darmstadt,Germany,#=267,Public,Very High,"17,047",793, 68.7, 36, 20.3, 62.2, 5.9, 70.6, 53.4,"4,134",166
University of Surrey,United Kingdom,#=267,Public,Very High,"15,452","1,203", 95.4, 36, 23.4, 31.6, 22.4, 45.8, 97.1,"5,522",501
University of Canterbury,New Zealand,#=270,Public,Very High,"13,594",801, 60.2, 35.9, 35.6, 37.4, 10.7, 38, 99.6,"3,000",382
University of Massachusetts Amherst,United States,#=270,Public,Very High,"25,963","1,798", 25.6, 35.9, 41.2, 16.1, 16.4, 56.2, 35.2,"3,590",432
Massey University,New Zealand,#272,Public,Very High,"11,638","1,111", 97.6, 35.8, 29.3, 24.5, 29.3, 28.8, 98.7,"4,836",498
USI - Università della Svizzera italiana,Switzerland,#=273,,,"2,695",403, 100, 35.6, 4.7, 5.2, 86.1, 29.1, 100,"1,864",309
The University of Arizona,United States,#=273,Public,Very High,"38,979","5,620", 15.6, 35.6, 41.3, 18.5, 52, 23.2, 24.6,"3,790",686
Deakin University,Australia,#=275,Public,Very High,"42,027","1,821", 82.7, 35.5, 28.9, 39.8, 5.1, 48.7, 97.1,"12,043",760
Indian Institute of Technology Madras (IITM),India,#=275,Public,Very High,"9,911",878, 1.5, 35.5, 34.1, 50.1, 31.5, 50.9, 2.6,81,13
Graz University of Technology,Austria,#=275,,Very High,"6,608","1,380", 55.7, 35.5, 13.5, 9.2, 96.1, 17.3, 70.6,"1,385",362
Université de Paris,France,#=275,Public,,"63,219","3,755", 19.6, 35.5, 43.1, 7.2, 20.7, 56.8, 17.2,"11,387",379
Beijing Normal University,China Mainland,#=279,Public,Very High,"23,022","2,012", 28.8, 35.4, 38.3, 8.8, 30.4, 51.3, 24.4,"3,288",244
University of Ottawa,Canada,#=279,Public,Very High,"35,791","1,637", 58.6, 35.4, 25.3, 38.8, 5.7, 62, 94.9,"7,757",664
Moscow Institute of Physics and Technology (MIPT / Moscow Phystech),Russia,#281,Public,Very High,"5,730","1,060", 42.4, 35.3, 15.7, 27.9, 97.7, 13.8, 32,"1,018",155
Bauman Moscow State Technical University,Russia,#=282,Public,High,"19,501","4,794", 11.5, 35.2, 21.6, 48.9, 100, 1.5, 11,"1,631",324
University of Cologne,Germany,#=282,Public,Very High,"34,630","2,904", 37.4, 35.2, 39.2, 42.9, 27.3, 23.9, 57.4,"5,723",642
United Arab Emirates University,United Arab Emirates,#284,Public,High,"7,121",846, 40.8, 35.1, 23.5, 35.3, 61.6, 12.8, 100,"1,238",684
University of Tartu,Estonia,#285,Public,Very High,"10,467","1,518", 26, 35, 25.3, 15.2, 83.4, 18.5, 29.6,"1,413",210
University College Cork,Ireland,#286,Public,Very High,"16,757","1,628", 46.4, 34.9, 28.6, 31.3, 42.8, 23.4, 91.9,"2,864",590
King Saud University,Saudi Arabia,#=287,Public,Very High,"40,184","4,681", 14.2, 34.8, 31, 11.7, 59.4, 19.3, 91.8,"3,834",1695
Université Paris 1 Panthéon-Sorbonne,France,#=287,Public,High,"34,765","1,709", 56.9, 34.8, 60.1, 41.3, 5.7, 3.8, 32.7,"7,385",311
University of Turku,Finland,#=287,Public,Very High,"12,639","1,506", 5.9, 34.8, 26.3, 32.2, 62, 33.6, 28.8,658,205
Dalhousie University,Canada,#=291,Public,Very High,"15,436","1,146", 81, 34.6, 18.8, 20.5, 19.7, 59.4, 100,"4,472",602
ENS Paris-Saclay,France,#=291,Public,Very High,"1,850",289, 35.7, 34.6, 18.1, 9.4, 89.6, 23.9, 35.1,298,45
Technion - Israel Institute of Technology,Israel,#=291,Public,Very High,"12,977","1,011", 3.6, 34.6, 27, 27.4, 22.4, 68.7, 48.2,437,179
University of Miami,United States,#=291,Private,Very High,"16,166","1,783", 36.7, 34.6, 24.2, 26.2, 53.1, 46.3, 8,"2,646",92
Gwangju Institute of Science and Technology (GIST),South Korea,#=295,Public,Very High,"1,884",183, 7.1, 34.5, 11.7, 5.6, 39.7, 100, 15.8,113,17
North Carolina State University,United States,#=295,Public,Very High,"30,031","1,871", 24.9, 34.5, 31.5, 20.2, 18.5, 57.5, 64.6,"3,955",455
University of South Australia,Australia,#=295,Public,Very High,"18,857","1,492", 61.2, 34.5, 24.4, 17.2, 23.4, 50.4, 100,"4,208",791
HSE University (National Research University Higher School of Economics),Russia,#=298,Public,Very High,"38,447","6,439", 17, 34.4, 26.1, 32.8, 94, 2.2, 8.1,"4,081",336
National Yang Ming University,Taiwan,#=298,Public,Very High,"4,224",965, 6.5, 34.4, 14.8, 15.2, 99.9, 30.9, 5.6,237,36
University of Strathclyde,United Kingdom,#300,Public,Very High,"19,371","1,507", 73.7, 34.3, 26.4, 50.2, 22.4, 28.2, 93.5,"4,973",566
Heriot-Watt University,United Kingdom,#=301,Public,Very High,"9,627",781, 94, 34.2, 15.7, 32.9, 25, 48.5, 100,"3,321",397
University of Milan,Italy,#=301,Public,Very High,"48,041","2,525", 7.4, 34.2, 51.9, 21.4, 8, 43.4, 9.6,"2,967",153
Griffith University,Australia,#=303,Public,Very High,"31,786","1,982", 40.3, 34.1, 28.9, 22.8, 12.4, 52.9, 99.5,"5,483",942
Xi’an Jiaotong University,China Mainland,#=303,Public,Very High,"40,526","3,279", 7.9, 34.1, 24.7, 40.3, 29.7, 64.4, 14.9,"2,642",280
Aalborg University,Denmark,#=305,Public,Very High,"16,184","1,597", 27.5, 34, 17.9, 36.6, 41.2, 50.2, 67.3,"2,252",402
Universitas Indonesia,Indonesia,#=305,Public,High,"45,291","4,224", 3.4, 34, 40.9, 52.9, 35.9, 2.1, 88.3,"1,412",1353
Université Paris-Saclay,France,#=305,Public,Very High,"28,915","3,637", 35.3, 34, 24, 8.8, 68.3, 29, 41,"4,627",630
Universität Mannheim,Germany,#307,Public,Very High,"9,839",307, 24.7, 33.7, 17.8, 58.1, 3.8, 85, 32.5,"1,290",45
Politecnico di Torino,Italy,#=308,Public,Very High,"29,628","1,016", 35.6, 33.5, 37.5, 52.7, 3.1, 52.1, 4,"4,805",26
Royal Holloway University of London,United Kingdom,#=308,Public,Very High,"10,311",814, 94.5, 33.5, 18.5, 10.9, 23.3, 53, 97.3,"3,603",342
University of Tasmania,Australia,#=308,Public,Very High,"13,180",966, 98.1, 33.5, 19.8, 8.8, 19.1, 58.1, 83.6,"5,414",297
Universidad Carlos III de Madrid (UC3M),Spain,#=311,Public,Very High,"19,511","2,173", 32.3, 33.4, 30.6, 46, 54.2, 9.4, 41.4,"2,969",379
Bandung Institute of Technology (ITB),Indonesia,#313,Public,Very High,"17,329","1,907", 1.7, 33.3, 38.3, 45.1, 52.8, 4, 36.3,203,304
Indian Institute of Technology Kharagpur (IIT-KGP),India,#=314,Public,Very High,"10,928",841, 1.1, 33.2, 26, 39.2, 21.7, 70.2, 4.9,19,27
National Research Nuclear University MEPhI (Moscow Engineering Physics Institute),Russia,#=314,Public,Very High,"5,162",954, 82.7, 33.2, 9.2, 13.6, 97.7, 9.1, 49.6,"1,569",189
Universitat Politècnica de Catalunya · BarcelonaTech (UPC),Spain,#=314,Public,Very High,"22,447","2,422", 26.3, 33.2, 33.7, 32.3, 50.6, 21.6, 11,"3,050",164
Belarusian State University,Belarus,#=317,Public,High,"21,592","4,011", 30.4, 33, 19.1, 35.9, 97.6, 1.7, 4.6,"3,491",123
Friedrich-Alexander-Universität Erlangen-Nürnberg,Germany,#=317,Public,Very High,"35,081","1,111", 23.5, 33, 22.5, 17.4, 2.7, 94.6, 28,"4,477",148
University of Dundee,United Kingdom,#319,Public,High,"12,936","1,485", 65.4, 32.9, 19.3, 15.4, 57.6, 21.7, 85.8,"3,025",482
Indiana University Bloomington,United States,#320,Public,Very High,"41,913","3,673", 19.2, 32.6, 38.8, 24.2, 30.6, 26.4, 42.9,"4,768",657
Hiroshima University,Japan,#=321,Public,Very High,"15,487","2,337", 17.7, 32.3, 22.5, 13.1, 87, 14, 14.1,"1,680",191
University of Warsaw,Poland,#=321,Public,Very High,"36,444","3,629", 10.5, 32.3, 43.6, 48.9, 37.3, 6.7, 8.5,"2,792",198
Simon Fraser University,Canada,#=323,Public,Very High,"25,151","1,193", 90.2, 32.1, 23.8, 19.8, 6.2, 49.8, 93.8,"8,050",451
Jagiellonian University,Poland,#=326,Public,High,"36,016","4,055", 11.3, 31.9, 34.9, 45.9, 55.4, 6.5, 4.3,"2,982",114
RUDN University,Russia,#=326,Public,High,"23,491","3,587", 95, 31.9, 14.7, 26, 87.9, 1.7, 11.5,"8,308",0
Universitat Politècnica de València,Spain,#=326,Public,Very High,"18,730","2,593", 20.5, 31.9, 24.5, 11.9, 78.9, 18.3, 6.1,"2,209",104
IE University,Spain,#327,Private,High,"5,600",719, 100, 32, 7.6, 44.6, 70.7, 3.8, 89.6,"4,373",249
Virginia Polytechnic Institute and State University,United States,#=326,Public,Very High,"32,369","2,710", 25.2, 31.9, 29.3, 31.5, 27.2, 36.6, 56.9,"4,292",685
National Taiwan Normal University,Taiwan,#=331,Public,Very High,"10,340","1,303", 31.6, 31.8, 31, 11, 68.5, 10.8, 12.8,"1,487",99
Ural Federal University - UrFU,Russia,#=331,Public,Very High,"28,372","4,607", 43.1, 31.8, 20.8, 13.8, 92.2, 2.4, 16.4,"5,089",421
Ewha Womans University,South Korea,#=333,Private,High,"17,414","2,445", 30.4, 31.7, 21.7, 20.1, 80.3, 14, 8.6,"2,561",135
Umea University,Sweden,#=333,Public,Very High,"13,796","1,930", 11.5, 31.7, 19.9, 7.3, 80, 24.3, 27.1,"1,153",252
Universität Stuttgart,Germany,#=333,Public,Very High,"24,145",986, 51.5, 31.7, 24.9, 46.7, 5, 55.7, 43.2,"5,168",178
University of East Anglia (UEA),United Kingdom,#=333,Public,High,"15,939","1,156", 60.8, 31.7, 19.3, 10.4, 24.4, 56.4, 70.4,"3,541",296
University of Hawaiʻi at Mānoa,United States,#=333,Public,Very High,"14,628","1,640", 17.7, 31.7, 16.6, 11.4, 54.9, 45.2, 56.4,"1,587",358
University of Jyväskylä,Finland,#=333,Public,Very High,"10,282","1,539", 5.2, 31.7, 17.2, 8.5, 86.3, 22, 36.5,483,246
University of Utah,United States,#=333,Public,Very High,"26,889","3,387", 10.1, 31.7, 17, 8.5, 68.5, 40.1, 33,"2,069",523
Yeshiva University,United States,#341,Private,Very High,"5,730",973, 10.6, 31.6, 2.8, 3.8, 97, 49.8,,456,0
Université Grenoble Alpes,France,#=342,Public,Very High,"41,704","2,554", 30.8, 31.5, 43.6, 12, 11.8, 37.4, 26.4,"6,184",327
"University of Chemistry and Technology, Prague",Czech Republic,#=342,Public,Very High,"3,842",821, 63.7, 31.5, 6.4, 8.1, 99.4, 18.5, 23.9,882,98
"Birkbeck, University of London",United Kingdom,#=344,Public,Very High,"8,391",537, 98, 31.4, 13.6, 4.2, 14.5, 63.4, 97.8,"3,301",233
University Ulm,Germany,#=344,Public,Very High,"10,284","1,473", 24.1, 31.4, 7.9, 5.2, 82.3, 38.2, 44.5,"1,329",270
SOAS University of London,United Kingdom,#=346,Public,Very High,"4,755",441, 100, 31.1, 21.3, 10.3, 35.4, 21.4, 100,"2,473",247
American University of Sharjah,United Arab Emirates,#=348,Private,Very High,"4,444",410, 100, 31, 19.4, 31.7, 34.4, 15.2, 100,"3,368",408
MGIMO University,Russia,#=348,Public,High,"7,292","1,726", 51.5, 31, 11.7, 24.9, 100, 1.4, 15.7,"1,456",153
"City, University of London",United Kingdom,#=350,Public,Very High,"14,691",845, 99.6, 30.9, 19.3, 21.4, 10, 45.5, 94.8,"7,072",328
Indian Institute of Technology Kanpur (IITK),India,#=350,Public,Very High,"7,099",613, 1.2, 30.9, 29, 35, 17.4, 60.1, 1.5,29,3
Universiti Teknologi Brunei,Brunei,#=350,Public,High,"1,041",167, 7.6, 30.9, 11.5, 9.1, 91.5, 7.8, 99.3,57,78
George Washington University,United States,,Private,Very High,"21,890","1,942","3,976", 59.1,,,,,,"3,976",311
University of Southern Denmark (SDU),Denmark,#=353,Public,Very High,"18,445","1,725", 26.4, 30.8, 19.6, 20.3, 36.1, 39.9, 85.4,"2,511",651
National University of Sciences And Technology (NUST) Islamabad,Pakistan,#355,Public,Very High,"11,375","1,559", 5, 30.5, 17, 54.1, 77.8, 10.6, 3.3,516,32
Westfälische Wilhelms-Universität Münster,Germany,#356,Public,Very High,"44,976","4,229", 7.8, 30.3, 35, 28.7, 38.1, 19.1, 29.3,"2,861",582
University of Lisbon,Portugal,#=357,Public,Very High,"48,651","3,077", 37.9, 30.2, 38.6, 21.5, 12.9, 38.1, 7.3,"8,109",146
University of Porto,Portugal,#=357,Public,Very High,"28,262","1,853", 18.1, 30.2, 37, 22.5, 14.1, 44.8, 5.3,"3,108",65
ITMO University,Russia,#=360,Public,Very High,"11,089","1,893", 50.7, 30.1, 11.9, 16.1, 91.2, 7.7, 24.9,"2,190",239
Norwegian University of Science And Technology,Norway,#=360,Public,Very High,"36,683","3,132", 10.8, 30.1, 30.9, 22.6, 28.6, 26.8, 72.7,"2,950",846
Johannes Kepler University Linz,Austria,#=362,Public,Very High,"5,246",811, 23.3, 30, 11.3, 21, 66.9, 23.9, 77.7,665,234
Linköping University,Sweden,#=362,Public,Very High,"18,768","1,557", 15.6, 30, 20.4, 22.2, 27.8, 49.7, 63.9,"1,894",375
Northeastern University,United States,#=362,Private,Very High,"21,414","1,723", 95.1, 30, 20.1, 12.9, 23.1, 36.5, 76.3,"7,595",484
Tokyo Medical and Dental University (TMDU),Japan,#=362,Public,Very High,"3,027",936, 15.3, 30, 11, 5.4, 100, 20.1, 2.8,301,16
University of Macau,"Macao S.A.R., China",#367,Public,Very High,"9,856",767, 96.2, 29.9, 11.2, 6.2, 22.4, 51.8, 100,"3,605",630
Brunel University London,United Kingdom,#=368,Public,Very High,"13,490",859, 98.1, 29.7, 10.7, 16.1, 13.1, 55.6, 99.6,"5,305",410
Tilburg University,Netherlands,#=368,Public,Very High,"10,338",732, 42.5, 29.7, 15.1, 37.5, 13.9, 52.1, 89,"1,838",257
Kazan (Volga region) Federal University,Russia,#=370,Public,Very High,"28,082","4,038", 69, 29.5, 18.2, 7.5, 82.7, 4.3, 9.2,"7,964",236
University of Victoria (UVic),Canada,#=370,Public,Very High,"22,301",872, 65.3, 29.5, 16.5, 11.4, 4, 64.5, 91.9,"5,875",316
Swinburne University of Technology,Australia,#372,Public,Very High,"14,391","1,024", 91.7, 29.4, 14.8, 17.9, 17.6, 42.3, 98.1,"4,729",445
"Stony Brook University, State University of New York",United States,#=373,Public,Very High,"24,955","2,258", 72, 29.2, 20.9, 8.6, 33.2, 35.9, 48.7,"6,280",442
Sultan Qaboos University,Oman,#=375,Public,High,"7,224",947, 3.8, 29.1, 13.2, 13.1, 73, 12.6, 100,253,507
University of Waikato,New Zealand,#=375,Public,Very High,"10,135",598, 85.3, 29.1, 19.6, 16.1, 10.7, 41.4, 96.8,"3,134",246
Nankai University,China Mainland,#=377,Public,Very High,"31,368","2,708", 6.8, 29, 23.6, 4.9, 29.4, 59, 18.3,"1,820",239
Taylor's University,Malaysia,#379,Private,Very High,"5,033",590, 86.1, 28.9, 16.4, 60.7, 41.3, 4.5, 52,"1,704",121
University of Kent,United Kingdom,#=380,Public,Very High,"17,060","1,285", 59.4, 28.8, 20.7, 10, 20.5, 37.1, 97.8,"3,730",550
Wake Forest University,United States,#=380,Private,Very High,"8,054","2,204", 16.3, 28.8, 6.7, 7.6, 100, 19.6, 8.2,832,117
Indian Institute of Technology Roorkee (IITR),India,#=383,Public,Very High,"7,799",476, 2.7, 28.7, 13.8, 19, 11.7, 92.7, 1.1,189,0
University of Pisa,Italy,#=383,Public,Very High,"32,127","1,810", 4.9, 28.7, 42.6, 18.1, 9.5, 36.2, 5.9,"1,429",71
University of Kansas,United States,#=383,Public,Very High,"24,581","3,327", 11.8, 28.7, 15.9, 14.7, 76.5, 16, 32.7,"2,092",765
Lincoln University,New Zealand,#=387,Public,Very High,"2,323",234, 99.5, 28.6, 8.6, 7.8, 43.3, 28.8, 96.8,"1,059",96
Shanghai University,China Mainland,#=387,Public,Very High,"35,336","4,018", 6, 28.6, 24.5, 8.7, 56.5, 19.3, 45.8,"1,872",752
Taipei Medical University (TMU),Taiwan,#=387,Private,Very High,"5,961",877, 17.1, 28.6, 9.9, 12, 84.8, 22.4, 20,635,93
Tianjin University,China Mainland,#=387,Public,Very High,"36,426","2,856", 4.4, 28.6, 18.3, 3.9, 22.8, 77.5, 8.3,"1,465",152
Beijing Institute of Technology,China Mainland,#=392,Public,Very High,"27,946","2,786", 8.4, 28.4, 20.7, 12.5, 40.6, 49.7, 5,"1,897",92
HUFS - Hankuk (Korea) University of Foreign Studies,South Korea,#=392,Private,High,"16,615","2,363", 41.9, 28.4, 12.2, 26.7, 81.6, 2.2, 37.1,"2,933",382
Università Vita-Salute San Raffaele,Italy,#=392,Private,Very High,"2,298",484, 4, 28.4, 3.9, 1.6, 99.6, 31.3, 2.6,86,7
Huazhong University of Science and Technology,China Mainland,#=396,Public,Very High,"56,782","3,918", 5.5, 28.2, 20, 31.7, 16.2, 63.8, 12.6,"2,796",294
University of the Philippines,Philippines,#=396,Public,High,"40,688","4,304", 1.4, 28.2, 34.1, 40.8, 48.4, 2.4, 1.4,294,21
La Trobe University,Australia,#=398,Public,Very High,"25,371","1,323", 96.8, 28.1, 20, 22.4, 7.8, 32.6, 96.4,"9,456",538
Université de Strasbourg,France,#=398,Public,High,"50,277","2,480", 40.8, 28.1, 42.8, 6.7, 6.8, 23.4, 40.5,"8,732",426
"University of Colorado, Denver",United States,#=398,Public,Very High,"15,786","5,319", 10.9, 28.1, 8.6, 6.5, 100, 15.4, 4.3,"1,274",152
Massachusetts Institute of Technology (MIT),United States,#1,Private,Very High,"11,342","3,011", 91.9, 100, 100, 100, 100, 99.1, 100,"3,745",1681
Stanford University,United States,#2,Private,Very High,"16,260","4,478", 63.6, 98.4, 100, 100, 100, 98.1, 99.7,"3,665",2166
Harvard University,United States,#3,Private,Very High,"23,583","4,556", 69.9, 97.9, 100, 100, 98.6, 99.1, 85.2,"5,816",1466
California Institute of Technology (Caltech),United States,#4,Private,Very High,"2,237","1,059", 88.2, 97, 97, 82.8, 100, 99.9, 100,692,563
University of Oxford,United Kingdom,#5,Public,Very High,"20,786","6,650", 98.3, 96.7, 100, 100, 100, 81.3, 99.4,"8,259",3137
ETH Zurich - Swiss Federal Institute of Technology,Switzerland,#6,Public,Very High,"18,563","2,619", 97.9, 95, 98.7, 96.6, 80.8, 96.4, 100,"7,247",1968
University of Cambridge,United Kingdom,#7,Public,Very High,"19,876","5,834", 97.4, 94.3, 100, 100, 100, 69.2, 100,"7,595",3019
Imperial College London,United Kingdom,#8,Public,Very High,"17,628","3,955", 100, 93.6, 98.5, 99.8, 99.9, 68.6, 100,"10,218",2170
University of Chicago,United States,#9,Private,Very High,"15,335","2,592", 82.6, 93.1, 99.4, 91.3, 94.4, 86.3, 67.1,"4,381",651
UCL,United Kingdom,#10,Public,Very High,"35,897","6,849", 100, 92.9, 99.4, 98.3, 98.4, 65.4, 99.3,"20,251",3204
National University of Singapore (NUS),Singapore,#11,Public,Very High,"29,080","4,611", 71.4, 91.5, 99.7, 98.4, 90.7, 72.9, 100,"7,273",3123
Princeton University,United States,#12,Private,Very High,"8,247","1,040", 65.6, 91, 99.9, 99, 68.6, 100, 71.6,"1,933",91
"Nanyang Technological University, Singapore (NTU)",Singapore,#13,Public,Very High,"23,951","3,846", 67.6, 89.9, 89.8, 89.8, 91.5, 89, 100,"5,738",2664
EPFL,Switzerland,#14,Public,Very High,"9,668","1,709", 100, 89.6, 80.4, 80, 96.3, 98.5, 100,"5,870",1342
Tsinghua University,China Mainland,#15,Public,Very High,"37,294","6,167", 29.7, 89.2, 98.2, 98.6, 93.3, 83.2, 55.3,"5,420",1312
University of Pennsylvania,United States,#16,Private,Very High,"21,454","5,120", 65.3, 88.6, 96.1, 91.5, 100, 63.8, 88.7,"5,011",1770
Yale University,United States,#17,Private,Very High,"13,482","5,326", 54.5, 88, 99.9, 100, 100, 52.8, 85.3,"2,788",1825
Cornell University,United States,#18,Private,Very High,"23,449","2,835", 70, 87.6, 98.5, 90.9, 63.7, 88.6, 93.7,"5,771",1070
Columbia University,United States,#19,Private,Very High,"27,740","7,011", 96.3, 86.5, 99.7, 97.3, 100, 48.5, 37.2,"10,190",1135
The University of Edinburgh,United Kingdom,#20,Public,Very High,"31,395","4,535", 99, 85.8, 98, 95.4, 83.1, 50.2, 98.2,"13,056",1976
University of Michigan-Ann Arbor,United States,#21,Public,Very High,"46,329","7,216", 41.3, 84.6, 98.9, 92.7, 89.4, 58, 74.8,"8,105",2003
The University of Hong Kong,Hong Kong S.A.R.,#22,Public,Very High,"20,113","2,927", 98.9, 83.7, 98.1, 76.3, 83.8, 48, 100,"8,301",2025
Peking University,China Mainland,#23,Public,Very High,"38,854","5,252", 34.3, 83.5, 99.2, 99.1, 76.4, 64.9, 69.7,"6,120",1363
The University of Tokyo,Japan,#24,Public,Very High,"27,559","4,479", 26.1, 83.2, 100, 99.6, 92.3, 62.5, 10.7,"3,725",295
Johns Hopkins University,United States,#=25,Private,Very High,"15,130","4,768", 87.7, 82.7, 86.7, 47, 100, 75.9, 66.3,"4,832",1185
University of Tehran,Iran,#591-600,Public,Very High,"55,645","2,164","1,127",, 20.3, 22.1,, 43.6,,"1,127",17
American University in Dubai,United Arab Emirates,#601-650,Private,Medium,"1,572",116, 100,,, 18,,, 100,"1,275",115
Ateneo de Manila University,Philippines,#601-650,Private,Medium,"10,532","1,035",413,,, 36.6, 40.2,,,413,25
Bangor University,United Kingdom,#601-650,Public,High,"8,825",745, 60.8,,,,, 33.8, 57.5,"1,961",165
Carleton University,Canada,#601-650,Public,Very High,"26,192",939, 47.3,,,,, 43.3, 33.5,"5,371",154
Chiang Mai University,Thailand,#601-650,Public,High,"35,628","2,343","1,206",, 30, 25.9,,,,"1,206",127
Drexel University,United States,#601-650,Private,Very High,"19,994","1,860", 23.4,,,, 34.1, 29.6,,"2,586",145
East China University of Science and Technology,China Mainland,#601-650,Public,Very High,"26,884","2,001",551,,,,, 59.3,,551,32
Eötvös Loránd University,Hungary,#601-650,Public,Very High,"26,381","1,988", 25.5,, 23.4,,,,,"3,517",128
Gifu University,Japan,#601-650,Public,High,"7,390",996,325,,,, 76.1,,,325,33
Holy Spirit University of Kaslik,Lebanon,#601-650,Private,Medium,"6,177",649, 35.1,,,, 47.7,, 98.7,985,291
Hunan University,China Mainland,#601-650,Public,Very High,"36,502","2,702","1,191",,,,, 63.6,,"1,191",118
International Islamic University Malaysia (IIUM),Malaysia,#601-650,Public,High,"26,266","1,904", 65.6,, 18.8,,,, 27.2,"6,159",249
Iran University of Science and Technology,Iran,#601-650,Public,Very High,"15,004",520,105,,,,, 78.3,,105,0
Jinan University (China),China Mainland,#601-650,Public,Very High,"39,846","2,412", 86.1,,,,, 42.1, 51,"11,950",488
Abai Kazakh National Pedagogical University,Kazakhstan,#601-650,Public,Medium,"10,434","1,070",469,,,, 57.2,, 32,469,156
King Khalid University,Saudi Arabia,#601-650,Public,Medium,"38,805","3,545",656,,,, 53.2,, 100,656,2625
Lobachevsky University,Russia,#601-650,Public,Very High,"15,872","2,006", 19,,,, 68.9,,,"1,792",34
Michigan Technological University,United States,#601-650,Public,Very High,"6,658",559, 21.5,,,, 27.4, 40.4,,807,38
Middle East Technical University,Turkey,#601-650,Public,Very High,"22,967","1,270","1,566",, 23.3, 39.3,, 19.9,,"1,566",52
Missouri University of Science and Technology,United States,#601-650,Public,Very High,"7,578",395, 17,,,,, 57.8, 62.6,804,128
National Chung Hsing University,Taiwan,#601-650,Public,Very High,"12,758","1,081",840,,,, 27.1, 22.9,,840,56
Shenzhen University,China Mainland,#601-650,Public,Very High,"35,397","4,208",370,,,, 61.4,,,370,373
Smith College,United States,#601-650,Private,High,"2,874",375, 23.3,,,, 72.5,,,365,20
"Sofia University ""St. Kliment Ohridski""",Bulgaria,#601-650,Public,High,"18,910","2,606","1,409",,,, 53.4,,,"1,409",26
Syracuse University,United States,#601-650,Private,Very High,"20,620","1,402", 56.3,,, 19.8,, 20.7,,"4,354",56
Taras Shevchenko National University of Kyiv,Ukraine,#601-650,Public,Very High,"23,970","2,257","1,130",,, 28.8, 42.1,,,"1,130",19
Tokushima University,Japan,#601-650,Public,Very High,"7,508",964,205,,,, 70.7,,,205,22
Tokyo University of Agriculture and Technology,Japan,#601-650,Public,Very High,"5,690",390,321,,,,, 48.8,,321,11
Ulster University,United Kingdom,#601-650,Public,High,"14,669","1,103", 17.1,,,,, 19.3, 99.4,"1,563",519
University of Salamanca,Spain,#601-650,Public,High,"27,280","1,999", 28.1,, 24.7,,,,,"3,844",72
Università degli Studi di Pavia,Italy,#601-650,Public,Very High,"26,483","1,277","2,162",, 22.2,,, 36.2,,"2,162",56
Université de Fribourg,Switzerland,#601-650,,Very High,"12,633",589, 48.7,,,,, 27.2, 100,"2,388",293
University of Bradford,United Kingdom,#601-650,Public,Very High,"8,490",535, 79.4,,,,, 23.9, 46.3,"2,330",101
University of Cincinnati,United States,#601-650,Public,Very High,"31,377","2,756","2,800",,,, 30.8, 28.9,,"2,800",140
University of Hull,United Kingdom,#601-650,Public,High,"13,678","1,047", 46.1,,,,, 28.1, 63.2,"2,552",250
University of Jordan,Jordan,#601-650,Public,High,"30,846","2,075", 32.1,, 24.4, 34.1,,, 22.9,"4,680",241
University of Kentucky,United States,#601-650,Public,Very High,"27,183","2,216","1,423",,,, 25.3, 31.9, 18,"1,423",217
University of Ljubljana,Slovenia,#601-650,Public,Very High,"38,762","3,833","2,476",, 19.7,, 41.4,,,"2,476",97
University of Manitoba,Canada,#601-650,Public,Very High,"31,309","3,137", 32.3,,,, 42.7,,,"4,941",0
University of New Mexico,United States,#601-650,Public,Very High,"18,836","2,119",870,,,, 24.1, 30.8,,870,112
University of Portsmouth,United Kingdom,#601-650,Public,High,"22,386","1,359", 74.7,,, 18.1,,, 76.3,"5,813",385
University of Sharjah,United Arab Emirates,#601-650,Private,High,"13,492",665, 100,,,,,, 100,"7,749",629.7
University of Vermont,United States,#601-650,Public,High,"12,073","1,476",632,,,, 65, 21.1,,632,56
American University,United States,#651-700,Private,High,"11,660","1,091", 18.7,,, 18.9, 36.2,,,"1,306",25
Beijing University of Technology,China Mainland,#651-700,Public,Very High,"23,196","2,378",785,,,, 45.1, 22,,785,111
Brno University of Technology,Czech Republic,#651-700,Public,Very High,"17,074","1,485", 63.5,,, 29.1, 25.7,,,"3,910",109
Bogaziçi Üniversitesi,Turkey,#651-700,Public,High,"13,772",617,387,, 18.6, 37.6,, 21.6,,387,39
City University of New York,United States,#651-700,Public,Very High,"123,892","7,782","6,462",, 28.6,,,,,"6,462",401
Edith Cowan University,Australia,#651-700,Public,High,"15,211",918, 88.2,,,,, 20.3, 62.1,"4,815",216
Howard University,United States,#651-700,Private,High,"8,666","1,073",639,,,, 66.5,,,639,0
Jadavpur University,India,#651-700,Public,Very High,"10,532",718,67,,,,, 45.8,,67,0
Jordan University of Science & Technology,Jordan,#651-700,Public,High,"21,087","1,771", 36.1,,, 22.7, 26.1,,,"3,417",153
Kagoshima University,Japan,#651-700,Public,High,"10,326","1,331",343,,,, 71.1,,,343,43
Lahore University of Management Sciences (LUMS),Pakistan,#651-700,Private,High,"4,156",390,57,,, 51.7, 25.8,,,57,31
Leibniz University Hannover,Germany,#651-700,Public,Very High,"29,602","2,517", 37.7,, 20.3, 19.3,,, 29.9,"4,914",351
National and Kapodistrian University of Athens,Greece,#651-700,Public,Very High,"66,085","2,164","6,228",, 21.5, 26,, 25.3,,"6,228",86
"National Technical University ""Kharkiv Polytechnic Institute""",Ukraine,#651-700,Public,High,"12,142","1,522","1,085",,,, 67.9,,,"1,085",6
Northumbria University at Newcastle,United Kingdom,#651-700,Public,Very High,"22,273","1,471", 48.3,,, 21.9,, 18.6, 45.2,"4,272",273
O.P. Jindal Global University,India,#651-700,Private,Very High,"5,100",577,25,,, 21.2, 53.4,, 29.6,25,80
Osaka Prefecture University,Japan,#651-700,Public,Very High,"7,755",884,289,,,, 55.9, 19,,289,29
Savitribai Phule Pune University,India,#651-700,Public,Very High,"5,412",686,135,,,, 48.6,,,135,1
Sejong University,South Korea,#651-700,Private,Very High,"12,083",910, 20.1,,, 20.7,, 26.5, 24.3,"1,410",110
Soochow University,China Mainland,#651-700,Public,Very High,"48,549","3,618","1,403",,,,, 50.8,,"1,403",189
Tallinn University of Technology (TalTech),Estonia,#651-700,Public,Very High,"9,437",788, 28,,,, 27,, 37.3,"1,326",128
Tokyo Metropolitan University,Japan,#651-700,Public,Very High,"9,073",864,478,,,, 37.8, 19.5,,478,39
Universidad Pontificia Comillas,Spain,#651-700,,,"8,827",848,481,,, 43.9, 38.6,, 17.4,481,81
University of Genoa,Italy,#651-700,Public,Very High,"22,171","1,316","2,085",, 17.3,,, 33.7,,"2,085",38
University of Siena,Italy,#651-700,Public,High,"12,694",741, 19.6,,,,, 43.1,,"1,462",18
University of Hohenheim,Germany,#651-700,,,"8,877",401, 27.4,,,,, 48.7, 18.9,"1,319",48
Universiti Teknologi MARA - UiTM,Malaysia,#651-700,Public,Very High,"54,687","3,530",481,, 22.7, 49.3,,,,481,56
University of Denver,United States,#651-700,Private,Very High,"9,061",976,611,,,, 50.4, 19.1,,611,25
University of Hyderabad,India,#651-700,Public,High,"5,327",405,103,,,,, 43.1,,103,5
University of Massachusetts Boston,United States,#651-700,Public,Very High,"12,658",866, 24.2,,,,, 33.7,,"1,639",35
University of Mons,Belgium,#651-700,Private,Very High,"7,380",296, 32.3,,,,, 53.4, 31.5,"1,149",43
University of Pecs,Hungary,#651-700,Public,High,"16,878","1,620", 70,,,, 38.5,,,"4,153",48
University of Plymouth,United Kingdom,#651-700,Public,High,"17,076","1,166", 28.6,,,,, 31.3, 50.1,"2,429",233
University of Westminster,United Kingdom,#651-700,,High,"16,360",827, 100,,,,,, 79.3,"8,076",244
Virginia Commonwealth University,United States,#651-700,Public,Very High,"26,617","2,759","1,073",,,, 46.2, 19.9,,"1,073",224
William & Mary,United States,#651-700,Public,Very High,"8,549",799,763,,,, 36.1, 22,,763,51
Abu Dhabi University,United Arab Emirates,#701-750,Private,Very High,"3,893",262, 100,,,,,, 100,"2,494",259
Ajman University,United Arab Emirates,#701-750,Private,Medium,"5,105",292, 100,,,,,, 100,"4,236",282
Charles Darwin University,Australia,#701-750,Public,Very High,"6,806",372, 88.9,,,,, 26.7, 58.9,"2,131",87
China Agricultural University,China Mainland,#701-750,Public,Very High,"20,514","1,669",245,,,, 25.2, 42.1,,245,45
Chonnam National University,South Korea,#701-750,Public,Very High,"22,130","2,056","1,609",,,, 35.5, 22.5,,"1,609",111
Comenius University in Bratislava,Slovakia,#701-750,Public,Very High,"20,319","2,446", 24.5,,,, 44.4,,,"2,826",45
Gunma University,Japan,#701-750,Public,Very High,"6,429","1,067",247,,,, 61.3,,,247,25
Kansas State University,United States,#701-750,Public,Very High,"20,054","1,371","1,472",,,,, 23, 41.3,"1,472",259
Kaohsiung Medical University,Taiwan,#701-750,Private,Very High,"6,802",680,492,,,, 42.5, 23.8,,492,32
Keele University,United Kingdom,#701-750,Public,High,"9,138",736, 34.3,,,, 24.5, 25.6, 49.2,"1,440",145
Lebanese University,Lebanon,#701-750,Public,Medium,"48,667","3,206", 35,,, 30.7,,, 46.6,"7,754",608
Louisiana State University,United States,#701-750,Public,Very High,"28,002","1,488","1,547",,,,, 38.8,,"1,547",109
Maynooth University,Ireland,#701-750,Public,Very High,"10,425",651, 19.4,,,,, 18.9, 83.3,"1,192",203
Memorial University of Newfoundland,Canada,#701-750,Public,High,"15,697","1,082", 59.1,,,,, 26.7, 29.4,"3,421",149
Mendel University in Brno,Czech Republic,#701-750,Public,Very High,"7,561",752, 50.7,,,, 42,,,"1,494",47
Middlesex University,United Kingdom,#701-750,Public,High,"16,125",963, 79.3,,,,,, 86.4,"7,420",316
Nanjing University of Science and Technology,China Mainland,#701-750,Public,Very High,"27,601","2,191",935,,,,, 44.2,,935,96
"National Technical University of Ukraine ""Igor Sikorsky Kyiv Polytechnic Institute""",Ukraine,#701-750,Public,Very High,"20,453","2,017",626,,, 26.1, 41.1,,,626,6
Notre Dame University-Louaize NDU,Lebanon,#701-750,Private,High,"3,856",372, 25.9,,, 23.4, 26.4,, 84.9,519,121
Riga Technical University,Latvia,#701-750,Public,Very High,"10,515",893, 37.5,,, 19.8, 28.2,, 17,"1,751",84
Saint Petersburg Electrotechnical University ETU-LETI,Russia,#701-750,Public,Very High,"8,394",972, 50.7,,,, 58.6,,,"1,658",33
Southern Methodist University,United States,#701-750,Private,Very High,"9,802",968, 27.6,,,, 41.3,,,"1,368",85
Stevens Institute of Technology,United States,#701-750,Private,High,"6,352",314, 95.5,,,,, 32.1, 42.7,"2,277",56
Sumy State University,Ukraine,#701-750,Public,High,"8,472",957, 52.5,,,, 55.7,,,"1,720",10
Sunway University,Malaysia,#701-750,Private,High,"5,299",516, 23.8,,, 28.4, 36.2,, 42.1,681,91
Temple University,United States,#701-750,Public,Very High,"35,922","2,814","2,842",,,,, 20.8,,"2,842",96
Universidade de Santiago de Compostela,Spain,#701-750,Public,Very High,"24,485","1,678","1,334",, 20,,, 22.1,,"1,334",18
University of Trieste,Italy,#701-750,Public,High,"16,314",736,"1,287",,,,, 41.4,,"1,287",35
Universität Rostock,Germany,#701-750,Public,High,"13,781","2,484", 17,,,, 52.6,,,"1,464",0
Université Claude Bernard Lyon 1,France,#701-750,Public,High,"37,094","2,225","3,773",, 19.6,,, 22.5,,"3,773",134
Université de Sherbrooke,Canada,#701-750,Public,High,"14,373","1,168","1,115",,, 18, 25.1, 19.7, 59.1,"1,115",264
Universiti Tenaga Nasional (UNITEN),Malaysia,#701-750,Private,Very High,"4,610",444, 18.8,,,, 37,, 18.9,518,45
University of Central Florida,United States,#701-750,Public,High,"53,564","2,079","2,255",,, 25.7,, 26.5,,"2,255",184
University of Electronic Science and Technology of China,China Mainland,#701-750,Public,Very High,"33,428","2,032",960,,,,, 58.1,,960,54
University of Greenwich,United Kingdom,#701-750,Public,High,"15,618",856, 97.9,,,,,, 87.3,"6,086",285
University of Haifa,Israel,#701-750,Public,Very High,"15,866","1,978",838,,,, 32.3,,,838,183
University of Houston,United States,#701-750,Public,Very High,"37,263","1,676","3,209",,,,, 37.7,,"3,209",89
University of Huddersfield,United Kingdom,#701-750,Public,High,"15,453",811, 72.9,,, 19.8,,, 62.7,"3,782",193
"University of Maryland, Baltimore County",United States,#701-750,Public,High,"11,764",790,983,,,,, 36.3,,983,57
University of Southern Queensland,Australia,#701-750,Public,High,"12,116",575, 43.4,,,,, 25.3, 72.6,"2,213",163
Worcester Polytechnic Institute,United States,#701-750,Private,Very High,"5,949",447, 48.7,,,,, 34.8, 24.2,"1,147",54
Zayed University,United Arab Emirates,#701-750,Public,High,"6,396",554,145,,,, 29.7,, 100,145,495
Beijing Jiaotong University,China Mainland,#751-800,Public,Very High,"27,932","2,111","2,504",,,,, 25.7,,"2,504",86
Bournemouth University,United Kingdom,#751-800,Public,High,"15,431",806, 45.2,,,,, 21.3, 80.6,"2,847",242
Chongqing University,China Mainland,#751-800,Public,Very High,"39,659","2,784",807,,,,, 44,,807,88
Chungnam National University,South Korea,#751-800,Public,Very High,"20,632","1,896",917,,,, 34.6,,,917,91
Clarkson University,United States,#751-800,Private,Very High,"3,794",300,285,,,,, 38.5, 29,285,41
Dankook University,South Korea,#751-800,Private,High,"24,213","2,822","1,159",,,, 59.4,,,"1,159",115
Florida International University,United States,#751-800,,Very High,"35,452","2,200","3,409",,, 22,,, 24.5,"3,409",268
Georgia State University,United States,#751-800,Public,Very High,"29,211","1,321","1,868",,, 19.4,, 29.5,,"1,868",70
Indiana University–Purdue University Indianapolis,United States,#751-800,,,"23,443","1,607","1,351",,,, 34.1,, 22.1,"1,351",232
Istanbul Technical University,Turkey,#751-800,Public,Very High,"34,067","1,795","1,629",, 17.6, 33.1,,,,"1,629",54
Kazakh-British Technical University,Kazakhstan,#751-800,Public,High,"2,762",285,31,,,, 37.8,, 40.8,31,29
NJSC KIMEP University,Kazakhstan,#751-800,Private,Low,"1,834",161, 19.9,,,, 30.7,, 82.9,213,50
London South Bank University,United Kingdom,#751-800,,,"11,105",773, 92.4,,,,,, 68.9,"3,699",208
"Manipal Academy of Higher Education, Manipal, Karnataka, India",India,#751-800,Private,High,"25,003","2,793","1,164",,,, 54.5,,,"1,164",12
New Jersey Institute of Technology (NJIT),United States,#751-800,Public,Very High,"8,712",631, 52.1,,,,, 24.2, 40.1,"1,750",188
Northwest University (China),China Mainland,#751-800,Public,Very High,"21,776","2,288","1,009",,,, 47.7,,,"1,009",67
Nottingham Trent University,United Kingdom,#751-800,Public,High,"30,262","1,828", 49.1,,, 24.8,,, 52.4,"6,089",377
Oklahoma State University,United States,#751-800,Public,Very High,"21,890","1,473","1,753",,,,, 19.7, 50.8,"1,753",304
Paris Lodron University of Salzburg,Austria,#751-800,Public,High,"14,137",548, 96.8,,,,, 25.3,,"5,073",0
Plekhanov Russian University of Economics,Russia,#751-800,Public,High,"14,884","1,531", 22.6,,,, 45.4,,,"1,855",104
Politecnico di Bari,Italy,#751-800,,,"10,229",251,149,,,,, 50.8,,149,10
Universitat Rovira i Virgili,Spain,#751-800,Public,High,"12,745","1,017", 24.9,,,, 23.9, 30.6,,"1,677",52
Rutgers University–Newark,United States,#751-800,Public,High,"11,032",801, 23.5,,,,,, 32.8,"2,607",119
Institut Teknologi Sepuluh Nopember (ITS),Indonesia,#751-800,Public,Very High,"14,940","1,436",691,,, 18.1, 32.5,, 53.7,691,332
Southern Cross University,Australia,#751-800,Public,Very High,"10,256",463, 73.6,,,,, 27.7, 64.7,"3,034",131
Technical University of Liberec,Czech Republic,#751-800,Public,High,"5,129",566,456,,,, 53.1,, 16.9,456,53
Tokyo University of Science,Japan,#751-800,Private,Very High,"18,268","1,152",460,,, 24.3,, 23.2,,460,79
University of the Basque Country,Spain,#751-800,,,"42,396","3,521","2,106",, 16.7,, 30.7,,,"2,106",56
Ca' Foscari University of Venice,Italy,#751-800,Public,Very High,"17,040",705,"1,214",, 18.2, 20.7,,, 27.6,"1,214",93
University of Modena and Reggio Emilia,Italy,#751-800,Public,High,"20,019",680,"1,066",,,,, 50.5,,"1,066",6
Università degli Studi di Perugia,Italy,#751-800,Public,Very High,"24,359","1,031","1,453",,,,, 45.7,,"1,453",53
Universität Duisburg-Essen,Germany,#751-800,Public,Very High,"42,720","3,393", 47.8,,,,, 20.4, 35.7,"8,083",555
Universiti Malaysia Pahang,Malaysia,#751-800,Public,Very High,"8,715",623,711,,,,,, 43.8,711,113
University at Albany SUNY,United States,#751-800,Public,Very High,"15,946",832,"1,329",,,,, 43.2,,"1,329",48
University of Brescia,Italy,#751-800,Public,Very High,"10,509",523,"1,061",,,,, 51.8,,"1,061",14
University of Patras,Greece,#751-800,Public,High,"25,974",865,"1,126",,, 17.9,, 36.3,,"1,126",6
University of Seoul,South Korea,#751-800,Public,Very High,"8,759",791,498,,,, 33.1,,,498,27
University of Tulsa,United States,#751-800,Private,Very High,"4,052",400, 40.3,,,, 41.2,,,665,14
University of Windsor,Canada,#751-800,Public,High,"13,402",319, 44,,,,, 56.6,,"2,387",0
"Adam Mickiewicz University, Poznań",Poland,#801-1000,Public,Very High,"34,534","2,825","1,107",,,, 25.6,,,"1,107",145
AGH University of Science and Technology,Poland,#801-1000,Public,Very High,"24,949","2,127",624,,,, 28,,,624,33
Ain Shams University,Egypt,#801-1000,Public,High,"204,935","12,396","5,774",, 16.8, 19.7,,, 18.3,"5,774",1231
Alexandria University,Egypt,#801-1000,Public,High,"196,915","10,071","6,567",, 16.7,,,,,"6,567",145
Aligarh Muslim University,India,#801-1000,Public,Very High,"17,787","1,487",359,,,, 27.1,,,359,0
Amrita Vishwa Vidyapeetham,India,#801-1000,Private,High,"19,224","1,696",273,,,, 31.1,, 41.8,273,291
Ankara Üniversitesi,Turkey,#801-1000,Public,High,"56,604","4,209","2,825",,,,,,,"2,825",70
Anna University,India,#801-1000,Public,Very High,"15,305",724,173,,,,, 45.2,,173,0
Athens University of Economics and Business,Greece,#801-1000,Public,Very High,"9,343",236,399,,, 32.5,, 19.2,,399,2
Auburn University,United States,#801-1000,Public,Very High,"27,041","1,480","2,307",,,,, 21.5,,"2,307",85
Australian Catholic University,Australia,#801-1000,Public,High,"24,087","1,118", 49,,,,,, 60,"4,664",269
Babes-Bolyai University,Romania,#801-1000,Public,High,"38,047","1,513","1,813",,,,,,,"1,813",208
Banaras Hindu University,India,#801-1000,Public,High,"24,246","1,641",402,,,,,,,402,10
Bangladesh University of Engineering and Technology,Bangladesh,#801-1000,Public,Very High,"5,957",463,11,,, 22.2,,,,11,0
Baylor University,United States,#801-1000,Private,Very High,"16,686","1,226",685,,,,,,,685,32
Beijing Foreign Studies University,China Mainland,#801-1000,Public,Very High,"10,190",923, 32.5,,,, 30.2,, 33.6,"1,559",110
Beirut Arab University,Lebanon,#801-1000,Private,Medium,"7,255",552, 39.8,,,,,, 71.8,"1,242",145.6
Belarusian National Technical University (BNTU),Belarus,#801-1000,Public,Low,"24,136","2,143","1,584",,, 26.2, 31.7,,,"1,584",46
Bina Nusantara University (BINUS),Indonesia,#801-1000,Private,High,"13,627","1,053",375,,,,,,,375,96
Binghamton University SUNY,United States,#801-1000,Public,High,"16,409",849, 21.1,,,,, 24.3,,"1,969",51
Birmingham City University,United Kingdom,#801-1000,,Medium,"22,011","1,320", 65.7,,,,,, 35.5,"5,166",207
Budapest University of Technology and Economics,Hungary,#801-1000,Public,Very High,"19,210","1,337", 18.6,,, 18.9,,,,"1,931",8
Charles Sturt University,Australia,#801-1000,Public,Very High,"12,752",960, 87.5,,,,,,,"5,372",125
Clemson University,United States,#801-1000,Public,Very High,"22,891","1,503","1,302",,, 20.1,, 27.6,,"1,302",16
COMSATS University Islamabad,Pakistan,#801-1000,Public,Very High,"35,851","2,341",552,,,,,,,552,25
Corvinus University of Budapest,Hungary,#801-1000,Public,Very High,"9,919",460, 33.8,,, 18.6,,,,"1,549",20
Cracow University of Technology (Politechnika Krakowska),Poland,#801-1000,Public,Very High,"12,785","1,101",302,,,, 29.3,,,302,13
De La Salle University,Philippines,#801-1000,Private,High,"12,070",788,356,, 16.6, 26.9,,,,356,10
De Montfort University,United Kingdom,#801-1000,Public,High,"22,500","1,123", 90.9,,,,,, 61.6,"7,283",268
Edinburgh Napier University,United Kingdom,#801-1000,Public,High,"11,864",631, 82.3,,,,,, 55.5,"3,379",136
Fordham University,United States,#801-1000,Private,High,"14,529","1,089", 29.7,,,,,,,"2,109",65
Gdansk University of Technology,Poland,#801-1000,Public,Very High,"13,016","1,105",615,,,, 31.9,,,615,18
George Mason University,United States,#801-1000,Public,Very High,"6,552","1,811", 17.5,,,,, 21.5,,"3,738",60
Glasgow Caledonian University,United Kingdom,#801-1000,Public,High,"14,229",707, 41.7,,,,,, 32.8,"2,504",105
Gulf University for Science and Technology,Kuwait,#801-1000,Private,High,"3,169",154, 17.9,,,,,, 100,346,114
Hacettepe University,Turkey,#801-1000,Public,High,"47,012","2,474","1,331",,,,,,,"1,331",53
Harbin Engineering University,China Mainland,#801-1000,Public,Very High,"23,247","2,165",934,,,, 35.7, 22.4,,934,163
Islamic University of Madinah,Saudi Arabia,#801-1000,Public,Low,"13,569",775, 100,,,,,, 97,"7,297",322
Istanbul University,Turkey,#801-1000,Public,High,"96,624","1,916","7,076",, 20.6,,,,,"7,076",193
Karaganda State Technical University,Kazakhstan,#801-1000,Public,Medium,"6,280",890,389,,,, 53.8,,,389,32
Kasetsart University,Thailand,#801-1000,Public,High,"67,818","3,643",747,, 23.9, 20.3,,,,747,181
Kaunas University of Technology,Lithuania,#801-1000,Public,Very High,"8,179",731,643,,,, 32.2,,,643,18
Kazakh Ablai Khan University of International Relations and World Languages,Kazakhstan,#801-1000,Public,Low,"6,213",578,264,,,, 35.6,,,264,27
Kent State University,United States,#801-1000,Public,,"23,450","1,252","1,465",,,,, 34.7, 18.7,"1,465",126
Khon Kaen University,Thailand,#801-1000,Public,High,"30,345","1,803","1,170",,,,,,,"1,170",125
King Faisal University,Saudi Arabia,#801-1000,Public,High,"35,523","2,144",707,,,,,, 99.6,707,1022
King Mongkut's University of Technology Thonburi,Thailand,#801-1000,Public,High,"14,171","1,036",219,,,,,,,219,63
Kuwait University,Kuwait,#801-1000,Public,Medium,"36,458","1,693", 29.1,,,,,, 36.7,"5,235",272
Kyoto Institute of Technology,Japan,#801-1000,Public,Very High,"3,985",323,324,,,, 24.9,,,324,15
Kyushu Institute of Technology,Japan,#801-1000,Public,Very High,"5,649",376,257,,,,, 33.5,,257,29
Lanzhou University,China Mainland,#801-1000,Public,Very High,"32,812","2,944",391,,,,, 34.9,,391,52
Liverpool John Moores University,United Kingdom,#801-1000,,,"20,772","1,324", 33.4,,,,,, 45.6,"3,224",247
Lodz University of Technology,Poland,#801-1000,Public,Very High,"13,578","1,251",486,,,, 34.8,,,486,19
London Metropolitan University,United Kingdom,#801-1000,Public,High,"7,636",423, 99,,,,,, 54.6,"3,196",90
Loyola University Chicago,United States,#801-1000,Private,High,"15,539","1,292",869,,,, 26.7,,,869,43
Manchester Metropolitan University (MMU),United Kingdom,#801-1000,Public,High,"29,090","1,996", 38.2,,,,,, 39.7,"4,864",338
Multimedia University (MMU),Malaysia,#801-1000,Private,Very High,"9,231",632, 23.5,,,,,, 19.3,"1,176",65
Nagoya Institute of Technology (NIT),Japan,#801-1000,Public,Very High,"5,711",343,280,,,,, 37.2,,280,15
National Chung Cheng University,Taiwan,#801-1000,Public,Very High,"8,923",719,518,,,,,,,518,19
Nicolaus Copernicus University,Poland,#801-1000,Public,High,"21,085","2,081",509,,,, 41.2,,,509,40
Novosibirsk State Technical University,Russia,#801-1000,Public,Very High,"11,606",947, 53.9,,,, 25.2,,,"2,426",19
Ohio University,United States,#801-1000,Public,Very High,"22,818","1,169",977,,,,,,,977,51
Universitas Padjadjaran,Indonesia,#801-1000,Public,High,"33,982","2,589",355,,,, 27.5,,,355,197
Perm State National Research University,Russia,#801-1000,Public,High,"8,268",896,243,,,, 51.1,,,243,25
Prince of Songkla University,Thailand,#801-1000,Public,High,"36,496","2,475",642,, 17.9,,,,,642,87
Princess Nourah bint Abdulrahman University,Saudi Arabia,#801-1000,Public,Medium,"28,490","2,317","4,357",,,,,, 73.2,"4,357",676
Princess Sumaya University for Technology,Jordan,#801-1000,Private,High,"1,943",145, 29.6,,,,,, 72.4,282,39
"Queen Margaret University , Edinburgh",United Kingdom,#801-1000,,,"4,040",215, 87.8,,,,,, 48.6,"1,242",42
Rhodes University,South Africa,#801-1000,Public,Very High,"6,221",459, 41.1,,,,, 23,,"1,088",0
Riga Stradins University,Latvia,#801-1000,Public,High,"8,322",593, 78.5,,,,,,,"2,261",37
Ritsumeikan University,Japan,#801-1000,Private,High,"36,201","2,046","2,877",,, 48.5,,, 27.2,"2,877",268
Ryerson University,Canada,#801-1000,Public,High,"33,682",877,"1,350",,, 25.2,, 36.3,,"1,350",0
Saitama University,Japan,#801-1000,Public,Very High,"8,453",599,481,,,,, 23.4,,481,47
San Diego State University,United States,#801-1000,Public,Very High,"31,666","1,235","2,234",,,,, 33.6,,"2,234",44
Shanghai International Studies University,China Mainland,#801-1000,Public,Very High,"13,206","1,102", 48.9,,,, 26.9,, 46,"2,554",207
Sheffield Hallam University,United Kingdom,#801-1000,,,"26,409","1,683", 17.3,,, 21,,, 29.4,"2,828",232
Shinshu University,Japan,#801-1000,Public,Very High,"10,984","1,064",365,,,, 39.4, 19.5,,365,50
Shiraz University,Iran,#801-1000,Public,Very High,"14,774",714,75,,,,, 43.4,,75,0
Silesian University of Technology,Poland,#801-1000,Public,Very High,"17,641","1,616",431,,,, 34.3,,,431,26
Slovak University of Technology in Bratislava,Slovakia,#801-1000,Public,Very High,"12,733","1,255",375,,,, 41.1,,,375,17
Sophia University,Japan,#801-1000,Private,High,"13,556","1,135", 24.9,,, 18.4,,, 34.3,"1,786",174
South Ural State University (National Research University),Russia,#801-1000,Public,High,"13,722","1,384", 21.2,,,, 43.4,,,"1,650",95
Szent Istvan University,Hungary,#801-1000,Public,Very High,"8,179",745, 29.2,,,, 40.5,,,"1,095",13
Tallinn University,Estonia,#801-1000,Public,Very High,"6,148",341, 25.7,,,,,, 29.2,"1,142",47
Technical University of Kosice,Slovakia,#801-1000,Public,Very High,"8,963",731, 27.7,,,, 25.3,,,373,0
TU Dortmund University,Germany,#801-1000,Public,Very High,"31,335","2,006","2,991",,,,,, 21.1,"2,991",220
Technological University Dublin,Ireland,#801-1000,Public,High,"21,363","1,445", 44.4,,,,,, 41,"4,118",207
Texas Tech University,United States,#801-1000,,,"33,309","1,791","2,043",,,,, 19.8, 23,"2,043",162
Robert Gordon University,United Kingdom,#801-1000,Public,High,"9,663",468, 44.9,,,,,, 56.3,"1,583",102
Russian Presidential Academy of National Economy and Public Administration,Russia,#801-1000,Public,Very High,"44,836","4,952","1,416",,,, 53.2,,,"1,416",78
Tokai University,Japan,#801-1000,Private,High,"29,211","2,079",972,,,,,,,972,99
University of Alicante,Spain,#801-1000,,,"21,757","1,839","2,066",,,, 27.9,,,"2,066",59
University of Murcia,Spain,#801-1000,Public,High,"25,168","2,466","1,968",,,, 29.2,,,"1,968",60
Universidade da Coruña,Spain,#801-1000,Public,Very High,"14,301","1,256",579,,,, 30.8,,,579,9
Catania University,Italy,#801-1000,Public,Very High,"26,103","1,167",233,,,,, 33.8,,233,10
Universita' degli Studi di Ferrara,Italy,#801-1000,Public,High,"22,523",626,"1,234",,,,, 49.8,,"1,234",2
University of Salerno,Italy,#801-1000,Public,High,"25,320","1,152",385,,,,, 35.2,,385,23
Università degli Studi di Udine,Italy,#801-1000,,Very High,"11,715",760,622,,,,, 29,,622,30
Università degli studi Roma Tre,Italy,#801-1000,Public,High,"33,891","1,063","1,679",, 18.5,,,,,"1,679",71
University of Calabria,Italy,#801-1000,,,"24,395",883,760,,,,, 32.9,,760,49
Universita' Politecnica delle Marche,Italy,#801-1000,,,"10,190",650,432,,,,, 42.1,,432,18
University of Palermo,Italy,#801-1000,Public,,"28,571","1,434",318,,,,, 28.8,,318,7
Bielefeld University,Germany,#801-1000,Public,Very High,"25,009","1,501","1,933",,,,,, 24.2,"1,933",181
Universität Potsdam,Germany,#801-1000,,Very High,"20,566","2,375", 21.6,,,,,,,"2,510",0
Université de Lorraine,France,#801-1000,Public,Very High,"60,652","3,387", 40.4,,,,,, 23.5,"10,429",400
Université de Nantes,France,#801-1000,Public,Very High,"37,140","2,091", 18,,,,,, 18.3,"4,075",207
Université de Rennes 1,France,#801-1000,Public,Very High,"25,635","1,765","2,919",,,,,,,"2,919",151
Université de Versailles Saint-Quentin-en-Yvelines (UVSQ),France,#801-1000,Public,,"14,167",855, 18.6,,,,, 28.7, 25.8,"1,616",108
Université Toulouse 1 Capitole,France,#801-1000,Public,Medium,"21,300",500, 58,,,,,, 33.7,"4,534",70
Universiti Malaysia Sarawak (UNIMAS),Malaysia,#801-1000,Public,Medium,"14,365",920,911,,,,,, 36.1,911,146
Universiti Tunku Abdul Rahman (UTAR),Malaysia,#801-1000,Private,Medium,"17,491","1,130",285,,, 27.6,,,,285,86
Universiti Malaysia Perlis,Malaysia,#801-1000,Public,Very High,"10,628","1,102",577,,,, 46.3,,,577,16
The University of Alabama,United States,#801-1000,Public,High,"34,473","1,659","1,066",,, 22.1,,,,"1,066",67
University of Baghdad,Iraq,#801-1000,Public,High,"70,590","6,538",74,,,, 35.2,,,74,13
University of Bahrain,Bahrain,#801-1000,Public,Medium,"18,226",942, 29.9,,,,,, 98.8,"2,679",424.66
University of Bari,Italy,#801-1000,Public,High,"30,019","1,396",465,,,,, 27.1,,465,59
University of Brighton,United Kingdom,#801-1000,,High,"16,328",983, 54.3,,,,,, 54.2,"3,369",208
University of Bucharest,Romania,#801-1000,Public,Very High,"31,469","1,720",531,,,,,,,531,21
University of Calcutta,India,#801-1000,Public,Very High,"14,938",730,109,,,,, 21.3,,109,88
University of Central Lancashire,United Kingdom,#801-1000,Public,High,"18,641","1,421", 47.7,,,,,, 31.2,"3,548",204
University of Crete,Greece,#801-1000,Public,High,"13,493",680,618,,,,, 31.1,,618,8
University of Dhaka,Bangladesh,#801-1000,Public,Medium,"33,360","2,268",48,,, 31.5,,,,48,20
University of East London,United Kingdom,#801-1000,Public,High,"11,200",567, 94.5,,,,,, 78.3,"3,996",165
University of Engineering & Technology (UET) Lahore,Pakistan,#801-1000,Public,High,"13,832","1,030",843,,, 36.6,,,,843,3
UNIVERSITY OF GDANSK,Poland,#801-1000,Public,Very High,"19,121","1,761",503,,,, 24.9,,,503,69
University of Hertfordshire,United Kingdom,#801-1000,Public,High,"19,474","1,233", 86.9,,,,,, 53.7,"5,910",259
University of Kufa,Iraq,#801-1000,Public,Medium,"24,992","2,356",43,,,, 36.8,,,43,90
University of Kwazulu-Natal,South Africa,#801-1000,Public,High,"32,731","1,652",876,,,,, 19.4, 30.6,876,234
University of Lincoln,United Kingdom,#801-1000,Public,High,"13,223",850,"1,012",,,,,, 77.3,"1,012",244
University of Lodz,Poland,#801-1000,,High,"21,664","2,103","1,849",,,, 32.7,,,"1,849",43
Universiti Malaysia Sabah (UMS),Malaysia,#801-1000,Public,Medium,"16,777",925,591,,,,,, 21.6,591,103
University of Malta,Malta,#801-1000,,,"8,814",900,816,,,, 44.7,, 17.7,816,87
University of Maribor,Slovenia,#801-1000,Public,High,"12,379","1,186",637,,,, 38.3,,,637,14
University of Miskolc,Hungary,#801-1000,Public,High,"7,132",652,256,,,, 34.1,,,256,21
University of Mississippi,United States,#801-1000,Public,Very High,"20,549","1,948",641,,,, 37.4,,,641,138
University of New Hampshire,United States,#801-1000,Public,Very High,"14,294",862,768,,,,, 36.8,,768,8
University of San Diego,United States,#801-1000,Private,High,"7,843",648,698,,,, 26.2,,,698,14
University of Santo Tomas,Philippines,#801-1000,Private,Medium,"28,922","1,990","1,542",,,,,, 29.7,"1,542",295
University of the Pacific,United States,#801-1000,Private,High,"5,921",588,298,,,, 41.8,,,298,13
University of the Punjab,Pakistan,#801-1000,Public,Very High,"27,907","1,280",175,,, 32.2,,,,175,30
University of the West of England,United Kingdom,#801-1000,,High,"23,832","1,520", 53.4,,,,,, 42.7,"4,864",271
University of Wroclaw,Poland,#801-1000,Public,Very High,"22,175","1,846","1,465",,,,,,,"1,465",49
University of Wyoming,United States,#801-1000,Public,Very High,"10,660",724,564,,,,, 39.6,,564,46
University of Zagreb,Croatia,#801-1000,Public,Very High,"57,104","5,110",586,,,, 32.3,,,586,36
Utah State University,United States,#801-1000,Public,Very High,"20,490","1,052",375,,,,, 32.8,,375,0
Verona University,Italy,#801-1000,Public,High,"18,127",877,806,,,,, 26.9,,806,35
Viet Nam National University Ho Chi Minh City (VNU-HCM),Vietnam,#801-1000,Public,High,"71,880","4,264",523,, 20.4,,,,,523,587
"Vietnam National University, Hanoi",Vietnam,#801-1000,Public,High,"36,411","2,706",521,,,,,,,521,172
Vytautas Magnus University,Lithuania,#801-1000,Public,Very High,"9,958",589, 18.7,,,,,, 27.6,"1,291",94
Wroclaw University of Science and Technology (WRUST),Poland,#801-1000,Public,Very High,"24,416","2,132","1,231",,,, 29.8,,,"1,231",25
Wuhan University of Technology,China Mainland,#801-1000,Public,Very High,"51,497","3,539","1,477",,,,, 23.4,,"1,477",97
Xi'an Jiaotong Liverpool University,China Mainland,#801-1000,Private,High,"11,016",662,728,,,,,, 100,728,333
